Acceleration,Method,ScanID,SSFD (layer 1),SSFD (layer 3),SSFD (layer 5),SSFD (layer 7),SSFD (layer 9)
2,UNet,1000017,0.032394587993621826,0.8076556324958801,1.9220796823501587,4.245724201202393,4.849003791809082
2,UNet,1000026,0.028279151767492294,0.6950657367706299,1.7228730916976929,4.576750755310059,5.864903450012207
2,UNet,1000041,0.009757899679243565,0.32741743326187134,0.9445050358772278,2.7357096672058105,2.242593288421631
2,UNet,1000071,0.012090479955077171,0.434110552072525,1.1812771558761597,3.9747378826141357,3.7484874725341797
2,UNet,1000107,0.007753153331577778,0.23424279689788818,0.6871035099029541,2.0297207832336426,1.4675753116607666
2,UNet,1000153,0.011169357225298882,0.32673317193984985,0.9186379313468933,2.5461924076080322,1.8708422183990479
2,UNet,1000178,0.02850077673792839,0.6999260783195496,1.7509876489639282,4.418341636657715,5.433790683746338
2,UNet,1000196,0.03560524433851242,0.6588996052742004,1.7556438446044922,5.172432899475098,5.425689220428467
2,UNet,1000206,0.01844574697315693,0.6868441104888916,2.0094361305236816,5.387362480163574,6.048162460327148
2,UNet,1000264,0.011571005918085575,0.4346061646938324,1.1874545812606812,3.611889600753784,3.2044944763183594
2,UNet,1000292,0.03305112570524216,0.8008171916007996,1.8765738010406494,4.437129020690918,5.581425666809082
2,UNet,1000314,0.008260446600615978,0.27878159284591675,0.9384050369262695,3.1202125549316406,2.8896660804748535
2,UNet,1000323,0.015792347490787506,0.3929639756679535,1.4317680597305298,4.649422645568848,5.296350002288818
2,UNet,1000344,0.0286774430423975,0.6530621647834778,1.6605417728424072,4.03940486907959,4.853330612182617
2,UNet,1000432,0.012064056470990181,0.3469542860984802,0.9480608105659485,2.6946401596069336,2.3103485107421875
2,UNet,1000464,0.0172949880361557,0.4892215132713318,1.6874561309814453,5.552695274353027,5.6882123947143555
2,UNet,1000538,0.017518039792776108,0.6084692478179932,1.4046056270599365,3.992189407348633,5.340622425079346
2,UNet,1000591,0.016163114458322525,0.5936330556869507,1.5712131261825562,3.7716498374938965,3.9370994567871094
2,UNet,1000697,0.0061488025821745396,0.27305856347084045,0.8605114221572876,2.6891472339630127,1.8214685916900635
2,UNet,1000735,0.00957444030791521,0.40935057401657104,1.11868155002594,3.1850533485412598,2.555823564529419
2,UNet,1000759,0.007889932952821255,0.2992769479751587,0.8368010520935059,2.516331434249878,2.0923495292663574
2,UNet,1000769,0.00827841553837061,0.29913651943206787,0.8516336679458618,2.520237922668457,2.083341598510742
2,UNet,1000891,0.011873987503349781,0.3705686330795288,0.9264205694198608,2.382110834121704,2.271171808242798
2,UNet,1000899,0.03786897659301758,0.7409279346466064,2.0080668926239014,5.400616645812988,5.734393119812012
2,UNet,1001064,0.010094030760228634,0.29163414239883423,0.8824892044067383,2.3640894889831543,1.9406101703643799
2,UNet,1001090,0.015109466388821602,0.5561333894729614,1.5722272396087646,4.361850738525391,4.444803714752197
2,UNet,1001096,0.01092789601534605,0.3413395583629608,0.9643176794052124,2.5742621421813965,1.9485294818878174
2,UNet,1001104,0.008740896359086037,0.3153635561466217,0.7630635499954224,2.0302937030792236,1.556317687034607
2,UNet,1001119,0.023758308961987495,0.6327275037765503,1.765594244003296,5.206717491149902,6.208266258239746
2,UNet,1001140,0.025924857705831528,0.6183658242225647,1.442028284072876,3.3702034950256348,3.706897020339966
2,UNet,1001144,0.015246960334479809,0.5216565132141113,1.273511290550232,3.843733310699463,4.4487996101379395
2,UNet,1001159,0.04233403131365776,1.0090312957763672,2.567526340484619,6.438261985778809,8.276681900024414
2,UNet,1001168,0.00830155797302723,0.31973907351493835,0.8107102513313293,2.1398415565490723,1.3374956846237183
2,UNet,1001170,0.008795727975666523,0.2989256978034973,0.9139177203178406,2.572654962539673,1.9139331579208374
2,UNet,1001184,0.010162582620978355,0.35039716958999634,1.0313704013824463,3.143709897994995,2.5507683753967285
2,UNet,1001275,0.03777165710926056,0.899471640586853,2.1498799324035645,5.211468696594238,5.895630836486816
2,UNet,1001381,0.007101074792444706,0.34477266669273376,1.2658852338790894,4.320812225341797,3.6289279460906982
2,UNet,1001651,0.013389858417212963,0.5314831733703613,1.2915632724761963,3.5562846660614014,4.696629524230957
2,UNet,1001655,0.015353289432823658,0.5472357869148254,1.6850006580352783,4.35363245010376,3.9607949256896973
2,UNet,1001687,0.010460438206791878,0.32969576120376587,0.9084168672561646,2.604936122894287,2.003321409225464
2,UNet,1001759,0.007404324598610401,0.3156959116458893,0.8689500689506531,2.5901036262512207,2.2124316692352295
2,UNet,1001763,0.010658323764801025,0.3658328652381897,1.325239896774292,4.400251388549805,3.914216995239258
2,UNet,1001798,0.03312676027417183,0.8551902770996094,2.0232627391815186,5.069035530090332,6.714369297027588
2,UNet,1001850,0.01814842037856579,0.579899251461029,1.6145128011703491,4.0327887535095215,4.455986022949219
2,UNet,1001851,0.017014287412166595,0.612735390663147,1.572679877281189,4.614300727844238,5.542734146118164
2,UNet,1001938,0.030520658940076828,0.7160493731498718,1.9629313945770264,5.500491142272949,5.870880603790283
2,UNet,1001959,0.025479581207036972,0.640853226184845,1.790576696395874,4.751776218414307,5.6711626052856445
2,UNet,1001995,0.013559544458985329,0.4100869596004486,1.1397459506988525,3.025801658630371,2.4664173126220703
2,UNet,1001997,0.03953671082854271,0.8859549760818481,1.9243297576904297,4.744107723236084,5.387027740478516
2,UNet,1002007,0.018103282898664474,0.5583887100219727,1.4429417848587036,3.959733486175537,3.6510837078094482
2,UNet,1002035,0.007244700100272894,0.2428562343120575,0.6909360885620117,2.05073618888855,1.5565648078918457
2,UNet,1002274,0.013457009568810463,0.41884884238243103,1.44944429397583,4.54475212097168,4.353248596191406
2,UNet,1002351,0.015625756233930588,0.4496733248233795,1.376435399055481,3.9397048950195312,3.347834348678589
2,UNet,1002380,0.03229502588510513,0.8304398655891418,2.0151278972625732,5.423154830932617,6.920729160308838
2,UNet,1002382,0.006502286531031132,0.2571468651294708,0.7287265062332153,2.182060718536377,1.7583194971084595
2,UNet,1002412,0.024739237502217293,0.7786647081375122,2.0527849197387695,5.070140838623047,6.4602952003479
2,UNet,1002417,0.015693625435233116,0.43283605575561523,1.6079113483428955,4.781099796295166,4.5233941078186035
2,UNet,1002451,0.034367337822914124,0.6590887904167175,1.830566167831421,4.753669738769531,5.563127517700195
2,UNet,1002515,0.058808546513319016,0.8547590970993042,2.1827099323272705,5.452425479888916,6.629286289215088
2,UNet,1002526,0.00562339648604393,0.2344522774219513,0.8439558744430542,2.8348822593688965,2.710911273956299
2,UNet,1002538,0.04833999276161194,0.8017597198486328,2.1122324466705322,5.354825019836426,6.745823860168457
4,UNet,1000017,0.06233704090118408,1.4921543598175049,3.740863800048828,9.786736488342285,12.515534400939941
4,UNet,1000026,0.05291156843304634,1.3262426853179932,3.534924268722534,10.551660537719727,12.807217597961426
4,UNet,1000041,0.026091739535331726,0.8417059183120728,2.218842029571533,6.8436689376831055,6.391917705535889
4,UNet,1000071,0.029822558164596558,0.9237239956855774,2.5155138969421387,8.010579109191895,7.257312774658203
4,UNet,1000107,0.017791520804166794,0.7259176969528198,2.189840793609619,6.892844200134277,4.682098388671875
4,UNet,1000153,0.02911822870373726,0.9714056253433228,2.6363131999969482,7.615785121917725,6.166808128356934
4,UNet,1000178,0.05495360493659973,1.384140133857727,3.696086883544922,10.726234436035156,13.669346809387207
4,UNet,1000196,0.06864174455404282,1.360123872756958,3.552001953125,10.493827819824219,10.685099601745605
4,UNet,1000206,0.03804927319288254,1.2518761157989502,3.7715225219726562,10.614618301391602,12.353607177734375
4,UNet,1000264,0.02374117262661457,0.8790048360824585,2.4517111778259277,8.347742080688477,9.289968490600586
4,UNet,1000292,0.06567477434873581,1.474570393562317,3.581881284713745,9.150612831115723,11.175344467163086
4,UNet,1000314,0.020014185458421707,0.7369054555892944,2.2697513103485107,7.522767066955566,7.5771589279174805
4,UNet,1000323,0.025755513459444046,0.8187831044197083,2.9088239669799805,9.5118989944458,10.447465896606445
4,UNet,1000344,0.05955398082733154,1.3580728769302368,3.6343979835510254,9.866385459899902,11.947649002075195
4,UNet,1000432,0.03136926144361496,0.8791543841362,2.405721664428711,6.92254114151001,5.678162097930908
4,UNet,1000464,0.036612771451473236,1.185606598854065,3.4884018898010254,11.192153930664062,11.066781997680664
4,UNet,1000538,0.033651210367679596,1.1669001579284668,2.8972063064575195,9.179704666137695,12.740300178527832
4,UNet,1000591,0.04078300669789314,1.3070274591445923,3.587054491043091,10.431923866271973,15.472898483276367
4,UNet,1000697,0.015895599499344826,0.8057575225830078,2.3126254081726074,7.374139308929443,5.471549987792969
4,UNet,1000735,0.023876111954450607,1.057706594467163,2.767554759979248,9.017956733703613,6.7864990234375
4,UNet,1000759,0.02543456479907036,0.9364856481552124,2.4324886798858643,6.916412353515625,5.711358070373535
4,UNet,1000769,0.026362966746091843,0.9365517497062683,2.509446382522583,7.374096870422363,6.1989850997924805
4,UNet,1000891,0.027233799919486046,0.919681191444397,2.31266450881958,6.576003074645996,6.0721964836120605
4,UNet,1000899,0.07749650627374649,1.5141791105270386,4.037201404571533,11.294306755065918,12.309123992919922
4,UNet,1001064,0.03164760023355484,0.9443003535270691,2.791377305984497,8.129647254943848,7.115584373474121
4,UNet,1001090,0.04030352458357811,1.4016371965408325,3.9515585899353027,12.043499946594238,13.495074272155762
4,UNet,1001096,0.026395056396722794,0.771118700504303,2.165473222732544,5.849998950958252,3.862400770187378
4,UNet,1001104,0.02124650776386261,0.8749583959579468,2.160672903060913,5.910632610321045,4.426485538482666
4,UNet,1001119,0.04057883098721504,1.1212875843048096,3.3482558727264404,9.987527847290039,11.593838691711426
4,UNet,1001140,0.05571383982896805,1.2964727878570557,3.120467185974121,7.964298248291016,8.659280776977539
4,UNet,1001144,0.034241583198308945,1.1191703081130981,2.95617413520813,9.021061897277832,10.354561805725098
4,UNet,1001159,0.07167087495326996,1.7689621448516846,4.528383731842041,11.545816421508789,14.465017318725586
4,UNet,1001168,0.020046457648277283,0.7869949340820312,1.9903285503387451,5.971392631530762,4.550681114196777
4,UNet,1001170,0.025450745597481728,0.921552836894989,2.572006940841675,7.557255744934082,5.56305456161499
4,UNet,1001184,0.02785131335258484,0.9420342445373535,2.810495138168335,8.707897186279297,7.140873908996582
4,UNet,1001275,0.0733746737241745,1.7621848583221436,4.160371780395508,10.994202613830566,12.952272415161133
4,UNet,1001381,0.021111806854605675,0.82628333568573,2.742555856704712,10.056496620178223,8.788548469543457
4,UNet,1001651,0.03118959069252014,1.1688177585601807,2.9713985919952393,9.372796058654785,13.40703296661377
4,UNet,1001655,0.037220146507024765,1.166790246963501,3.520617723464966,9.399724006652832,8.596708297729492
4,UNet,1001687,0.02614842914044857,0.9798965454101562,2.6825613975524902,7.760466575622559,6.135796070098877
4,UNet,1001759,0.022750195115804672,0.9906735420227051,2.5758779048919678,7.787670135498047,7.671280860900879
4,UNet,1001763,0.03227422758936882,0.9194841384887695,3.028703212738037,10.285135269165039,9.287394523620605
4,UNet,1001798,0.06579820811748505,1.5818469524383545,3.7339205741882324,9.792362213134766,12.595840454101562
4,UNet,1001850,0.03959131985902786,1.184417486190796,3.5466980934143066,10.265828132629395,13.462732315063477
4,UNet,1001851,0.040779829025268555,1.2945866584777832,3.2288005352020264,10.288191795349121,12.374052047729492
4,UNet,1001938,0.06618501991033554,1.4188635349273682,3.814833402633667,11.023333549499512,11.502147674560547
4,UNet,1001959,0.05404435470700264,1.2389938831329346,3.5284087657928467,9.501504898071289,10.324963569641113
4,UNet,1001995,0.03611116483807564,1.0425266027450562,2.7373600006103516,7.440164089202881,5.986351013183594
4,UNet,1001997,0.07173853367567062,1.5566486120224,3.5623137950897217,9.935382843017578,11.819146156311035
4,UNet,1002007,0.04003272205591202,1.266113519668579,3.2980308532714844,9.428486824035645,8.312219619750977
4,UNet,1002035,0.01968211494386196,0.8194124102592468,2.2239508628845215,6.5302414894104,4.910471439361572
4,UNet,1002274,0.029187005013227463,1.0042864084243774,3.4390430450439453,11.493291854858398,11.780468940734863
4,UNet,1002351,0.04448407143354416,1.3053034543991089,3.8102195262908936,10.879112243652344,9.111166000366211
4,UNet,1002380,0.05493636056780815,1.4820531606674194,3.760718822479248,10.927024841308594,13.871795654296875
4,UNet,1002382,0.01895821839570999,0.751584529876709,2.044996500015259,6.148218631744385,5.137138843536377
4,UNet,1002412,0.051303643733263016,1.5256118774414062,4.044987678527832,11.085725784301758,14.200967788696289
4,UNet,1002417,0.03427505120635033,1.1072783470153809,3.4955928325653076,10.744502067565918,11.553131103515625
4,UNet,1002451,0.07648507505655289,1.4405856132507324,4.123007774353027,11.067192077636719,12.730043411254883
4,UNet,1002515,0.10847325623035431,1.5759960412979126,4.222171783447266,11.272703170776367,13.327497482299805
4,UNet,1002526,0.016787245869636536,0.6277343034744263,2.274829149246216,8.132967948913574,7.228610992431641
4,UNet,1002538,0.06887194514274597,1.4018123149871826,3.8130595684051514,11.125900268554688,15.126032829284668
6,UNet,1000017,0.08320502936840057,1.8125842809677124,4.56142520904541,11.809557914733887,16.035734176635742
6,UNet,1000026,0.06813686341047287,1.636662483215332,4.329852104187012,12.167790412902832,15.575772285461426
6,UNet,1000041,0.0342465378344059,1.0674045085906982,2.647916316986084,7.24945592880249,6.035106182098389
6,UNet,1000071,0.042476050555706024,1.2662614583969116,3.3218703269958496,10.536015510559082,8.781332015991211
6,UNet,1000107,0.02260989136993885,0.8322687149047852,2.3805572986602783,7.334252834320068,4.978442192077637
6,UNet,1000153,0.042368657886981964,1.3057987689971924,3.3537628650665283,8.704594612121582,6.740853786468506
6,UNet,1000178,0.07146234810352325,1.6216003894805908,4.345058917999268,12.797761917114258,16.362085342407227
6,UNet,1000196,0.08892641216516495,1.7272017002105713,4.721485614776611,13.366786003112793,14.155573844909668
6,UNet,1000206,0.05257942155003548,1.497678518295288,4.420413017272949,12.01098918914795,13.160240173339844
6,UNet,1000264,0.025926116853952408,0.9370377659797668,2.5104525089263916,8.09886360168457,8.032456398010254
6,UNet,1000292,0.07934203743934631,1.719978928565979,4.222109794616699,10.687355041503906,13.564244270324707
6,UNet,1000314,0.023454885929822922,0.8967990875244141,2.795236825942993,8.908854484558105,7.824629783630371
6,UNet,1000323,0.041707076132297516,1.0278009176254272,3.5756328105926514,11.877674102783203,12.949066162109375
6,UNet,1000344,0.0717693641781807,1.5484836101531982,4.22409725189209,11.667860984802246,13.790651321411133
6,UNet,1000432,0.042093537747859955,1.1013816595077515,2.8491086959838867,7.224661350250244,5.3493499755859375
6,UNet,1000464,0.05291081592440605,1.5316017866134644,4.317668437957764,14.50562572479248,14.10095500946045
6,UNet,1000538,0.04275872930884361,1.4160655736923218,3.439147472381592,10.884593963623047,15.792404174804688
6,UNet,1000591,0.049658097326755524,1.297844648361206,3.606722354888916,10.286897659301758,15.55004596710205
6,UNet,1000697,0.022938530892133713,0.959121823310852,2.4003100395202637,7.702940940856934,5.501649379730225
6,UNet,1000735,0.027648109942674637,1.2035515308380127,3.0365772247314453,9.490962982177734,6.628972053527832
6,UNet,1000759,0.035138726234436035,1.156217336654663,2.792141914367676,7.6218438148498535,6.231412887573242
6,UNet,1000769,0.03704868257045746,1.1868555545806885,2.944730758666992,7.903478145599365,6.807720184326172
6,UNet,1000891,0.04041258618235588,1.3377246856689453,3.111220121383667,8.453978538513184,7.399447441101074
6,UNet,1000899,0.111001156270504,2.0611557960510254,5.512030601501465,14.317028999328613,14.934549331665039
6,UNet,1001064,0.04277981072664261,1.231033444404602,3.2276904582977295,8.289342880249023,6.085076332092285
6,UNet,1001090,0.06320735067129135,1.6214100122451782,4.4488844871521,13.101534843444824,13.89435863494873
6,UNet,1001096,0.03590717911720276,1.1164798736572266,2.9727625846862793,8.011344909667969,5.191470623016357
6,UNet,1001104,0.026981204748153687,1.1070588827133179,2.4899697303771973,6.401522636413574,5.025634765625
6,UNet,1001119,0.050905220210552216,1.514371633529663,4.580164432525635,13.369401931762695,14.122903823852539
6,UNet,1001140,0.07044205069541931,1.6463348865509033,4.074368953704834,10.61404037475586,10.969040870666504
6,UNet,1001144,0.04110204428434372,1.3720290660858154,3.5819785594940186,10.718354225158691,13.056658744812012
6,UNet,1001159,0.0868082046508789,2.127105951309204,5.471663475036621,14.872822761535645,20.333581924438477
6,UNet,1001168,0.023843204602599144,1.0608501434326172,2.4546027183532715,6.909775733947754,4.8001203536987305
6,UNet,1001170,0.03158584237098694,1.1339399814605713,3.073913812637329,8.549551010131836,6.8307695388793945
6,UNet,1001184,0.034559767693281174,1.1421698331832886,3.1951069831848145,8.991483688354492,7.328526496887207
6,UNet,1001275,0.08960483968257904,2.131051540374756,4.97866678237915,13.393437385559082,17.69358253479004
6,UNet,1001381,0.024884972721338272,1.0817835330963135,3.421658754348755,12.116205215454102,10.571737289428711
6,UNet,1001651,0.040662724524736404,1.3392655849456787,3.5297534465789795,11.39757251739502,15.62120532989502
6,UNet,1001655,0.058645933866500854,1.5091769695281982,4.313084602355957,11.417106628417969,11.0613431930542
6,UNet,1001687,0.030992135405540466,1.1592326164245605,3.187913417816162,8.85533618927002,6.224541664123535
6,UNet,1001759,0.030976226553320885,1.265823483467102,3.17069935798645,9.347087860107422,7.965096950531006
6,UNet,1001763,0.04837261885404587,1.3308424949645996,4.156669616699219,13.556172370910645,11.873260498046875
6,UNet,1001798,0.08479928225278854,1.8477728366851807,4.414622783660889,11.394890785217285,15.200971603393555
6,UNet,1001850,0.05259391665458679,1.355415940284729,3.9944939613342285,11.076950073242188,15.108869552612305
6,UNet,1001851,0.05517452210187912,1.6025184392929077,4.0501017570495605,13.01594352722168,17.34381866455078
6,UNet,1001938,0.09340859949588776,1.7991063594818115,4.776501655578613,12.910560607910156,15.249194145202637
6,UNet,1001959,0.07072456181049347,1.4912797212600708,4.220707893371582,10.667181968688965,12.686534881591797
6,UNet,1001995,0.05002395063638687,1.492523431777954,3.933368682861328,10.671320915222168,7.905259132385254
6,UNet,1001997,0.09118132293224335,1.9239616394042969,4.607672691345215,13.215505599975586,16.314159393310547
6,UNet,1002007,0.05025823786854744,1.456664800643921,3.7627079486846924,10.856130599975586,10.517435073852539
6,UNet,1002035,0.02667676843702793,0.9557806253433228,2.5148816108703613,7.408143520355225,5.569736957550049
6,UNet,1002274,0.039171118289232254,1.111924648284912,3.972890853881836,12.706430435180664,11.596576690673828
6,UNet,1002351,0.0448169931769371,1.3132351636886597,3.7203032970428467,10.160523414611816,7.838192939758301
6,UNet,1002380,0.06798377633094788,1.7569993734359741,4.330698490142822,12.456500053405762,16.40196418762207
6,UNet,1002382,0.026333823800086975,1.0261726379394531,2.5261051654815674,6.700736999511719,5.329576015472412
6,UNet,1002412,0.07232224196195602,1.8735151290893555,4.888950347900391,13.106521606445312,16.91353416442871
6,UNet,1002417,0.046200018376111984,1.2661211490631104,3.8558688163757324,11.325876235961914,11.549881935119629
6,UNet,1002451,0.10347501188516617,1.8796879053115845,5.290774345397949,13.77366828918457,15.123217582702637
6,UNet,1002515,0.16536369919776917,2.157649517059326,5.7158966064453125,14.572514533996582,16.626708984375
6,UNet,1002526,0.019804518669843674,0.8797134160995483,2.7601218223571777,9.134055137634277,8.440999984741211
6,UNet,1002538,0.10360268503427505,1.740450143814087,4.73757266998291,13.569524765014648,17.788219451904297
2,Unrolled,1000017,0.02511812187731266,0.6387063264846802,1.4800180196762085,3.0808768272399902,3.282169818878174
2,Unrolled,1000026,0.02264740876853466,0.5429039001464844,1.2916053533554077,3.2976627349853516,4.351583003997803
2,Unrolled,1000041,0.0031029984820634127,0.09994229674339294,0.27595439553260803,0.8180996775627136,0.7920647263526917
2,Unrolled,1000071,0.00518405344337225,0.17241939902305603,0.4510188698768616,1.3795394897460938,1.3819493055343628
2,Unrolled,1000107,0.002919144695624709,0.0890255942940712,0.25294679403305054,0.775506854057312,0.5395687818527222
2,Unrolled,1000153,0.00449945405125618,0.12208286672830582,0.313556969165802,0.9237458109855652,0.751487135887146
2,Unrolled,1000178,0.021840190514922142,0.5284839868545532,1.2643601894378662,2.922435998916626,3.342400074005127
2,Unrolled,1000196,0.016850639134645462,0.36863571405410767,0.9112057685852051,2.509695529937744,2.5714097023010254
2,Unrolled,1000206,0.012500239536166191,0.46130403876304626,1.278389573097229,3.212606906890869,3.411609649658203
2,Unrolled,1000264,0.006506286561489105,0.2642997205257416,0.7196671962738037,2.12221097946167,2.233771324157715
2,Unrolled,1000292,0.025784650817513466,0.6189256310462952,1.4357836246490479,3.3736000061035156,4.073254108428955
2,Unrolled,1000314,0.0031514503061771393,0.11616667360067368,0.3824421763420105,1.2085946798324585,1.2794467210769653
2,Unrolled,1000323,0.0028466247022151947,0.12303219735622406,0.4611983895301819,1.3711751699447632,1.517071008682251
2,Unrolled,1000344,0.020456770434975624,0.4694802761077881,1.1780433654785156,2.799680233001709,3.5390403270721436
2,Unrolled,1000432,0.004943269304931164,0.13641154766082764,0.34910377860069275,0.9623727798461914,0.7692505121231079
2,Unrolled,1000464,0.004115670453757048,0.1620456576347351,0.6200215220451355,1.9897794723510742,2.399167776107788
2,Unrolled,1000538,0.013254870660603046,0.4679619371891022,1.0294017791748047,2.5004360675811768,3.091439723968506
2,Unrolled,1000591,0.009651829488575459,0.3668452799320221,0.9441341161727905,2.1713497638702393,2.3803117275238037
2,Unrolled,1000697,0.0016967852134257555,0.0634002760052681,0.2025192230939865,0.6260336637496948,0.5184644460678101
2,Unrolled,1000735,0.004108776804059744,0.16502544283866882,0.4411964416503906,1.1825053691864014,0.8318729400634766
2,Unrolled,1000759,0.0023477314971387386,0.0780668780207634,0.21433615684509277,0.6751230955123901,0.62125563621521
2,Unrolled,1000769,0.002402069279924035,0.08053570240736008,0.22386285662651062,0.685090184211731,0.6304358839988708
2,Unrolled,1000891,0.00587482238188386,0.16645082831382751,0.3840818405151367,1.0269200801849365,0.9896885752677917
2,Unrolled,1000899,0.018423335626721382,0.36155012249946594,0.9493542909622192,2.4472951889038086,2.561732769012451
2,Unrolled,1001064,0.003138018073514104,0.08323167264461517,0.2209533005952835,0.6216620802879333,0.5245076417922974
2,Unrolled,1001090,0.007530344184488058,0.2826994061470032,0.796334445476532,2.126176357269287,2.2820210456848145
2,Unrolled,1001096,0.005098685156553984,0.15451517701148987,0.39436110854148865,0.9860607981681824,0.7055386304855347
2,Unrolled,1001104,0.004307117313146591,0.14060325920581818,0.3204217851161957,0.7937647104263306,0.5743924975395203
2,Unrolled,1001119,0.012679385021328926,0.3698665499687195,0.9568799734115601,2.5523762702941895,2.9093260765075684
2,Unrolled,1001140,0.016731349751353264,0.4259366989135742,1.0024549961090088,2.398486375808716,2.85977840423584
2,Unrolled,1001144,0.010936100967228413,0.3669593036174774,0.8417736291885376,2.2627570629119873,2.402583599090576
2,Unrolled,1001159,0.03697366267442703,0.8497379422187805,2.1130728721618652,4.85183572769165,5.885239601135254
2,Unrolled,1001168,0.004443613812327385,0.15927496552467346,0.3827783465385437,1.0012118816375732,0.625552773475647
2,Unrolled,1001170,0.002490007784217596,0.07296214997768402,0.1959453523159027,0.5600609183311462,0.48422423005104065
2,Unrolled,1001184,0.0026888162828981876,0.0949600338935852,0.2723984122276306,0.7717702984809875,0.6586166024208069
2,Unrolled,1001275,0.029205629602074623,0.693472683429718,1.6401891708374023,3.7996909618377686,4.452715873718262
2,Unrolled,1001381,0.0018450900679454207,0.08974267542362213,0.3392806351184845,1.2022136449813843,1.1717300415039062
2,Unrolled,1001651,0.008991068229079247,0.36187300086021423,0.8419340252876282,2.18896484375,2.6139681339263916
2,Unrolled,1001655,0.007433225866407156,0.27743786573410034,0.8393039703369141,2.0973000526428223,2.0900778770446777
2,Unrolled,1001687,0.004127305932343006,0.1486922800540924,0.42534366250038147,1.2176581621170044,1.0888490676879883
2,Unrolled,1001759,0.002507001394405961,0.08668693900108337,0.22248288989067078,0.6388317346572876,0.5495216250419617
2,Unrolled,1001763,0.0024234713055193424,0.09997058659791946,0.3791959881782532,1.2533208131790161,1.1392817497253418
2,Unrolled,1001798,0.026240238919854164,0.6729003190994263,1.5928455591201782,3.8078951835632324,5.096124649047852
2,Unrolled,1001850,0.011915345676243305,0.38271278142929077,0.9979134798049927,2.2411491870880127,2.214921474456787
2,Unrolled,1001851,0.009768670424818993,0.36193421483039856,0.8841608762741089,2.3312344551086426,2.601245164871216
2,Unrolled,1001938,0.015051004476845264,0.39435818791389465,1.0191471576690674,2.6837127208709717,2.5351319313049316
2,Unrolled,1001959,0.017017722129821777,0.4153839945793152,1.119637370109558,2.7692952156066895,2.9726548194885254
2,Unrolled,1001995,0.005729738622903824,0.17032401263713837,0.4371313452720642,1.173789381980896,1.0198214054107666
2,Unrolled,1001997,0.03118201717734337,0.7067334055900574,1.4557201862335205,3.141289472579956,3.513043165206909
2,Unrolled,1002007,0.010361915454268456,0.3199266195297241,0.7881858348846436,2.153604030609131,2.219104290008545
2,Unrolled,1002035,0.003236816031858325,0.11073720455169678,0.29451778531074524,0.873526394367218,0.6566747426986694
2,Unrolled,1002274,0.004205336328595877,0.1629609763622284,0.5727685689926147,1.844117522239685,2.2759788036346436
2,Unrolled,1002351,0.004243477247655392,0.13345254957675934,0.39863520860671997,1.0593862533569336,0.8815808296203613
2,Unrolled,1002380,0.027660125866532326,0.690798819065094,1.5817064046859741,3.6577086448669434,4.477641582489014
2,Unrolled,1002382,0.0020155964884907007,0.07176701724529266,0.19658146798610687,0.578431248664856,0.45177730917930603
2,Unrolled,1002412,0.0171365849673748,0.5421454310417175,1.3739817142486572,3.0512542724609375,3.542309522628784
2,Unrolled,1002417,0.007301799952983856,0.2538474500179291,0.9918140172958374,2.9700450897216797,2.897371292114258
2,Unrolled,1002451,0.019796909764409065,0.38860011100769043,0.9884271621704102,2.340066432952881,2.7426373958587646
2,Unrolled,1002515,0.030968809500336647,0.5239140391349792,1.277587652206421,2.9548139572143555,4.031347751617432
2,Unrolled,1002526,0.0020539206452667713,0.08260996639728546,0.30341264605522156,1.0351217985153198,1.2767890691757202
2,Unrolled,1002538,0.02498207986354828,0.5201736688613892,1.3086684942245483,2.955291748046875,3.9749741554260254
4,Unrolled,1000017,0.04791461303830147,1.1834332942962646,2.8158695697784424,6.4830193519592285,7.785865783691406
4,Unrolled,1000026,0.041324928402900696,1.0114161968231201,2.586127281188965,7.0719895362854,8.77192497253418
4,Unrolled,1000041,0.010710684582591057,0.3858185410499573,1.094400405883789,3.235954761505127,3.10084867477417
4,Unrolled,1000071,0.014885695651173592,0.5109201073646545,1.4140397310256958,4.133435249328613,3.762928009033203
4,Unrolled,1000107,0.007819077000021935,0.2849125266075134,0.8711172342300415,2.6853408813476562,1.9204213619232178
4,Unrolled,1000153,0.013350158929824829,0.42061924934387207,1.1478493213653564,3.045447587966919,2.202836275100708
4,Unrolled,1000178,0.04163574427366257,1.0193555355072021,2.631864547729492,7.057373046875,9.192351341247559
4,Unrolled,1000196,0.03846771642565727,0.8816705942153931,2.3772695064544678,6.939166069030762,7.834967136383057
4,Unrolled,1000206,0.02482837438583374,0.9096724390983582,2.7402615547180176,7.554722785949707,8.154586791992188
4,Unrolled,1000264,0.014275128953158855,0.6045351028442383,1.6403287649154663,4.962335109710693,5.598629951477051
4,Unrolled,1000292,0.04645450785756111,1.1259596347808838,2.6797711849212646,6.768540382385254,8.196526527404785
4,Unrolled,1000314,0.009066631086170673,0.38110119104385376,1.2955368757247925,4.096334457397461,4.068560600280762
4,Unrolled,1000323,0.008724505081772804,0.38037770986557007,1.4888769388198853,4.764157772064209,5.078726291656494
4,Unrolled,1000344,0.039003513753414154,0.9439009428024292,2.5045275688171387,6.620902061462402,8.451504707336426
4,Unrolled,1000432,0.015237152576446533,0.4623630940914154,1.2971539497375488,3.5860869884490967,2.8450984954833984
4,Unrolled,1000464,0.016884511336684227,0.5493499040603638,1.8998476266860962,5.89284610748291,6.041297435760498
4,Unrolled,1000538,0.025286471471190453,0.8920801281929016,2.117821216583252,6.220530033111572,8.436872482299805
4,Unrolled,1000591,0.02131187543272972,0.7612627148628235,2.1067306995391846,5.660880088806152,7.448203086853027
4,Unrolled,1000697,0.004837610758841038,0.21082019805908203,0.680773913860321,2.1436893939971924,1.7911834716796875
4,Unrolled,1000735,0.011388166807591915,0.4972917437553406,1.3345491886138916,3.673323154449463,2.600144863128662
4,Unrolled,1000759,0.009199202060699463,0.3373190760612488,0.964879035949707,2.859095335006714,2.2635812759399414
4,Unrolled,1000769,0.009744102135300636,0.34988027811050415,1.002311110496521,3.0183939933776855,2.370032787322998
4,Unrolled,1000891,0.01484952587634325,0.45728930830955505,1.105912446975708,3.002711772918701,2.671786069869995
4,Unrolled,1000899,0.0495448000729084,0.9614002108573914,2.6707565784454346,7.272047519683838,8.403066635131836
4,Unrolled,1001064,0.011349434964358807,0.341996967792511,1.0128765106201172,2.682065963745117,1.900550127029419
4,Unrolled,1001090,0.017204971984028816,0.6405898332595825,1.9037574529647827,5.657254219055176,6.9237847328186035
4,Unrolled,1001096,0.013539085164666176,0.4301329255104065,1.2061941623687744,3.247756242752075,2.199857234954834
4,Unrolled,1001104,0.010407175868749619,0.405144602060318,0.9833353757858276,2.4337687492370605,1.6671127080917358
4,Unrolled,1001119,0.024487102404236794,0.7421972155570984,2.168558359146118,6.185929298400879,7.250029563903809
4,Unrolled,1001140,0.036335982382297516,0.951313853263855,2.435070753097534,6.186332702636719,6.915064334869385
4,Unrolled,1001144,0.020648909732699394,0.7068560123443604,1.8149864673614502,5.443068504333496,6.8941192626953125
4,Unrolled,1001159,0.061027877032756805,1.4686181545257568,3.6317830085754395,9.012361526489258,11.3572416305542
4,Unrolled,1001168,0.01018313504755497,0.4221729338169098,1.0054305791854858,2.6407642364501953,1.695432424545288
4,Unrolled,1001170,0.009390836581587791,0.31452685594558716,0.9083166122436523,2.5067198276519775,1.8035202026367188
4,Unrolled,1001184,0.010998881421983242,0.4052097201347351,1.237511157989502,3.665771007537842,2.872077465057373
4,Unrolled,1001275,0.05530955269932747,1.3234202861785889,3.0630240440368652,7.552406311035156,9.388578414916992
4,Unrolled,1001381,0.006853724829852581,0.3389956057071686,1.323333978652954,4.423930644989014,3.972715377807617
4,Unrolled,1001651,0.017947550863027573,0.7432827949523926,1.9138981103897095,6.4183855056762695,9.835285186767578
4,Unrolled,1001655,0.01902085170149803,0.7159814238548279,2.336407423019409,6.264948844909668,6.1823930740356445
4,Unrolled,1001687,0.012568190693855286,0.5200638771057129,1.5225069522857666,4.194053649902344,3.2079195976257324
4,Unrolled,1001759,0.008458999916911125,0.32395702600479126,0.8654462099075317,2.501615524291992,2.099012613296509
4,Unrolled,1001763,0.009155119769275188,0.37759727239608765,1.4188416004180908,4.566603660583496,4.190458297729492
4,Unrolled,1001798,0.048430901020765305,1.2064393758773804,2.7728335857391357,6.983541011810303,9.187923431396484
4,Unrolled,1001850,0.024053528904914856,0.7574878931045532,2.1976046562194824,5.826972007751465,7.4796142578125
4,Unrolled,1001851,0.020541749894618988,0.7182877659797668,1.8692668676376343,5.875185012817383,7.187594413757324
4,Unrolled,1001938,0.03456593304872513,0.9240081906318665,2.4815926551818848,7.084733486175537,7.346184730529785
4,Unrolled,1001959,0.037584032863378525,0.9032624363899231,2.512361764907837,6.488691806793213,7.440066337585449
4,Unrolled,1001995,0.017304489389061928,0.5356239080429077,1.449816346168518,4.014349937438965,3.248461961746216
4,Unrolled,1001997,0.056442271918058395,1.2578037977218628,2.6872854232788086,6.465237617492676,8.115604400634766
4,Unrolled,1002007,0.023457761853933334,0.7451321482658386,1.9114784002304077,5.2683000564575195,5.509006023406982
4,Unrolled,1002035,0.009145013988018036,0.3621421456336975,1.0205962657928467,3.104296922683716,2.3574814796447754
4,Unrolled,1002274,0.013199491426348686,0.5100167393684387,1.8694267272949219,5.914493083953857,6.891463279724121
4,Unrolled,1002351,0.01599239371716976,0.5154271125793457,1.6802637577056885,4.569407939910889,3.6592414379119873
4,Unrolled,1002380,0.04734952002763748,1.1928212642669678,2.8375484943389893,7.708418846130371,9.943081855773926
4,Unrolled,1002382,0.006673342082649469,0.2844701111316681,0.7950369715690613,2.271833896636963,1.7671210765838623
4,Unrolled,1002412,0.03587770834565163,1.1059175729751587,2.8508944511413574,7.245517730712891,9.06956958770752
4,Unrolled,1002417,0.032225560396909714,0.8603209257125854,2.75854754447937,7.932366371154785,7.49929666519165
4,Unrolled,1002451,0.04611348360776901,0.9034523963928223,2.494213581085205,6.490450859069824,7.920498847961426
4,Unrolled,1002515,0.06802354753017426,1.1301171779632568,2.914583921432495,7.335282802581787,9.573572158813477
4,Unrolled,1002526,0.0064064981415867805,0.3036564886569977,1.2164173126220703,4.298123836517334,4.522128582000732
4,Unrolled,1002538,0.04797084257006645,1.0249208211898804,2.7135188579559326,6.988230228424072,9.562139511108398
6,Unrolled,1000017,0.07506100088357925,1.6924009323120117,4.198151111602783,10.675505638122559,14.628202438354492
6,Unrolled,1000026,0.05933830142021179,1.4755276441574097,3.877293109893799,10.912615776062012,13.314748764038086
6,Unrolled,1000041,0.028090765699744225,0.9781567454338074,2.492302417755127,7.0030975341796875,6.012002468109131
6,Unrolled,1000071,0.030579864978790283,1.0404146909713745,2.8784070014953613,8.833005905151367,7.281033992767334
6,Unrolled,1000107,0.01980246603488922,0.8389090299606323,2.453526258468628,7.910548210144043,5.944543361663818
6,Unrolled,1000153,0.033612869679927826,1.113997459411621,2.961031913757324,8.470744132995605,6.8693060874938965
6,Unrolled,1000178,0.06195934861898422,1.4864224195480347,4.0458574295043945,11.16944694519043,14.691386222839355
6,Unrolled,1000196,0.06652583181858063,1.5006481409072876,4.062943458557129,11.503335952758789,11.84457778930664
6,Unrolled,1000206,0.04290933907032013,1.367368221282959,4.188570976257324,11.330111503601074,12.721176147460938
6,Unrolled,1000264,0.021623216569423676,1.0212488174438477,2.777751922607422,8.742898941040039,8.539548873901367
6,Unrolled,1000292,0.07018814980983734,1.5606467723846436,3.876631259918213,10.043660163879395,12.185096740722656
6,Unrolled,1000314,0.01972414180636406,0.8280207514762878,2.767521619796753,8.775836944580078,8.35097599029541
6,Unrolled,1000323,0.018645282834768295,0.7575265169143677,2.766824960708618,9.107019424438477,10.436809539794922
6,Unrolled,1000344,0.05867854878306389,1.417554497718811,3.9781126976013184,10.830074310302734,12.768291473388672
6,Unrolled,1000432,0.03781210631132126,1.0861502885818481,2.847285270690918,7.78922176361084,5.7017927169799805
6,Unrolled,1000464,0.032519347965717316,1.1623754501342773,3.5085322856903076,11.492448806762695,11.951115608215332
6,Unrolled,1000538,0.04087831825017929,1.3520832061767578,3.390758514404297,10.947208404541016,15.844576835632324
6,Unrolled,1000591,0.044543467462062836,1.2506287097930908,3.6153647899627686,10.843174934387207,14.952326774597168
6,Unrolled,1000697,0.01197401899844408,0.5726181268692017,1.7285082340240479,5.883144378662109,4.600032806396484
6,Unrolled,1000735,0.023047935217618942,1.066091537475586,2.79936146736145,8.684707641601562,6.119865894317627
6,Unrolled,1000759,0.03194338083267212,1.0528528690338135,2.560110330581665,7.236155033111572,5.901015281677246
6,Unrolled,1000769,0.033729471266269684,1.0850350856781006,2.7289090156555176,7.7968854904174805,6.492845058441162
6,Unrolled,1000891,0.03186482563614845,1.0435429811477661,2.5013415813446045,7.192698001861572,6.193897247314453
6,Unrolled,1000899,0.08682180196046829,1.6113029718399048,4.4466328620910645,11.592803955078125,12.027800559997559
6,Unrolled,1001064,0.0342831052839756,1.0083500146865845,2.8072867393493652,7.650770664215088,5.665996551513672
6,Unrolled,1001090,0.04785287007689476,1.3667875528335571,3.9730613231658936,11.325448989868164,12.93766975402832
6,Unrolled,1001096,0.026986505836248398,0.9212182760238647,2.5472474098205566,7.034527778625488,4.697428226470947
6,Unrolled,1001104,0.023743946105241776,1.07510507106781,2.569744825363159,7.0106096267700195,5.485050678253174
6,Unrolled,1001119,0.03615254908800125,1.1541688442230225,3.5372226238250732,9.918327331542969,10.787714004516602
6,Unrolled,1001140,0.05933993309736252,1.461787223815918,3.767847776412964,9.691876411437988,10.186681747436523
6,Unrolled,1001144,0.03388814628124237,1.2445789575576782,3.3727993965148926,10.272638320922852,12.299275398254395
6,Unrolled,1001159,0.07927495241165161,1.9237806797027588,4.860385894775391,12.35786247253418,15.811342239379883
6,Unrolled,1001168,0.020982930436730385,0.8988922238349915,2.07377290725708,5.833111763000488,3.966892957687378
6,Unrolled,1001170,0.023870445787906647,0.8279311060905457,2.2756197452545166,6.433208465576172,5.019211292266846
6,Unrolled,1001184,0.028309429064393044,1.043715238571167,3.055882215499878,9.34182357788086,7.79388427734375
6,Unrolled,1001275,0.0805482417345047,1.863226294517517,4.410943984985352,11.495621681213379,15.169926643371582
6,Unrolled,1001381,0.015672532841563225,0.7762998342514038,2.7413694858551025,9.842973709106445,9.105592727661133
6,Unrolled,1001651,0.03247036412358284,1.2240673303604126,3.339714765548706,11.923047065734863,17.478740692138672
6,Unrolled,1001655,0.042154356837272644,1.3005383014678955,4.056764602661133,11.266993522644043,11.1351957321167
6,Unrolled,1001687,0.026023590937256813,1.012920618057251,2.9883780479431152,8.335663795471191,6.350636005401611
6,Unrolled,1001759,0.021870141848921776,0.8254379034042358,2.3019661903381348,6.8061652183532715,5.314613342285156
6,Unrolled,1001763,0.02091146446764469,0.8560706973075867,3.0668082237243652,10.220537185668945,9.210779190063477
6,Unrolled,1001798,0.07801999896764755,1.7527885437011719,4.123447418212891,10.393080711364746,13.02429485321045
6,Unrolled,1001850,0.04419881850481033,1.2211370468139648,3.611504077911377,10.549670219421387,14.535982131958008
6,Unrolled,1001851,0.044341303408145905,1.3133714199066162,3.330065965652466,10.588566780090332,12.561485290527344
6,Unrolled,1001938,0.05377896875143051,1.3545689582824707,3.7644553184509277,10.289697647094727,10.476179122924805
6,Unrolled,1001959,0.05919638276100159,1.410098910331726,3.9749016761779785,10.41087818145752,11.41557502746582
6,Unrolled,1001995,0.03963535279035568,1.2227604389190674,3.134801149368286,8.18648910522461,6.074702262878418
6,Unrolled,1001997,0.07896286994218826,1.7171558141708374,3.9628143310546875,10.366914749145508,12.735966682434082
6,Unrolled,1002007,0.039861906319856644,1.2028969526290894,3.1067936420440674,8.720020294189453,8.390695571899414
6,Unrolled,1002035,0.020612921565771103,0.8545005917549133,2.428704261779785,7.454951286315918,5.967106819152832
6,Unrolled,1002274,0.027758711948990822,0.9911319613456726,3.5486743450164795,11.43303394317627,11.879268646240234
6,Unrolled,1002351,0.03086785040795803,0.9937033653259277,3.1146113872528076,8.79727840423584,6.916178226470947
6,Unrolled,1002380,0.06263335049152374,1.6437909603118896,4.012310028076172,11.09774112701416,14.792863845825195
6,Unrolled,1002382,0.019674932584166527,0.816114068031311,2.054164409637451,5.785615921020508,5.17404317855835
6,Unrolled,1002412,0.05871013551950455,1.64200758934021,4.183304786682129,11.019192695617676,13.78059196472168
6,Unrolled,1002417,0.060467224568128586,1.583533525466919,4.5165581703186035,12.978103637695312,12.150897979736328
6,Unrolled,1002451,0.07937158644199371,1.4799867868423462,4.231762886047363,11.552034378051758,13.838308334350586
6,Unrolled,1002515,0.11532630026340485,1.7660773992538452,4.750725746154785,12.170522689819336,14.445744514465332
6,Unrolled,1002526,0.014787757769227028,0.72027188539505,2.669018507003784,9.480859756469727,10.193534851074219
6,Unrolled,1002538,0.07712662220001221,1.5709565877914429,4.357906341552734,12.221990585327148,15.355245590209961
