Acceleration,Method,ScanID,SSIM,PSNR,NRMSE,SSFD,LPIPS (VGG-16),LPIPS (AlexNet),VGG-16,DISTS,ResNet50 (ImageNet),ResNet50 (RadImageNet),ResNet50 (random)
2,UNet,1000017,0.8125900626182556,31.92367172241211,0.14142240583896637,4.245724201202393,0.16746702790260315,0.07550493627786636,2.1269984245300293,0.0806649923324585,0.00012892797531094402,0.5528241395950317,0.019345197826623917
2,UNet,1000026,0.7929006814956665,31.237972259521484,0.12036836892366409,4.576750755310059,0.16973058879375458,0.0844937413930893,2.1456217765808105,0.08410602807998657,0.00012786645675078034,0.5282692313194275,0.018440186977386475
2,UNet,1000041,0.8937487006187439,32.65975570678711,0.07541441917419434,2.7357096672058105,0.15718486905097961,0.07071855664253235,1.9164350032806396,0.09548813104629517,0.00012180349585833028,0.724700927734375,0.017374403774738312
2,UNet,1000071,0.8976393342018127,34.47480010986328,0.0771925076842308,3.9747378826141357,0.17563913762569427,0.08261360228061676,2.114370346069336,0.11324483156204224,0.00014724086213391274,0.9599534273147583,0.014370719902217388
2,UNet,1000107,0.8878636956214905,32.893375396728516,0.06686671078205109,2.0297207832336426,0.16245776414871216,0.057724252343177795,1.9992200136184692,0.10067152976989746,0.00012448889901861548,0.8149942755699158,0.019122542813420296
2,UNet,1000153,0.8754993081092834,32.63003921508789,0.08038294315338135,2.5461924076080322,0.14459598064422607,0.06316854804754257,1.8110426664352417,0.08885526657104492,0.000118332463898696,0.659757137298584,0.021215420216321945
2,UNet,1000178,0.8300334811210632,32.60135269165039,0.12077202647924423,4.418341636657715,0.1702832281589508,0.0767238661646843,2.1693387031555176,0.08441227674484253,0.0001324836048297584,0.5883187055587769,0.016126761212944984
2,UNet,1000196,0.8338011503219604,30.341880798339844,0.11376579850912094,5.172432899475098,0.20640692114830017,0.09171290695667267,2.563538074493408,0.10024750232696533,0.0001835586444940418,1.144943356513977,0.034563470631837845
2,UNet,1000206,0.8270828127861023,31.46730613708496,0.121637724339962,5.387362480163574,0.17263424396514893,0.0912277027964592,2.127023458480835,0.09191542863845825,0.0001381831243634224,0.7189337015151978,0.019522888585925102
2,UNet,1000264,0.8883748054504395,31.529743194580078,0.10013817250728607,3.611889600753784,0.16293305158615112,0.06970332562923431,2.0426907539367676,0.09860748052597046,0.00012354030332062393,0.7136921882629395,0.03142998367547989
2,UNet,1000292,0.8112849593162537,32.67372512817383,0.1373874992132187,4.437129020690918,0.16214275360107422,0.06836103647947311,2.076362371444702,0.081562340259552,0.00012419733684509993,0.583164393901825,0.01299319975078106
2,UNet,1000314,0.8995184302330017,33.94813537597656,0.06884827464818954,3.1202125549316406,0.17869079113006592,0.06465782225131989,2.1637637615203857,0.10455381870269775,0.0001474652672186494,0.8976541757583618,0.014627764001488686
2,UNet,1000323,0.8979884386062622,31.51157569885254,0.09503497928380966,4.649422645568848,0.21514704823493958,0.09522740542888641,2.6091885566711426,0.11872899532318115,0.00024011879577301443,1.3036872148513794,0.03392550349235535
2,UNet,1000344,0.8794121742248535,30.936843872070312,0.24615643918514252,4.03940486907959,0.15844686329364777,0.06865382194519043,2.017937183380127,0.09525269269943237,0.0001328496728092432,0.5061420202255249,0.04180274158716202
2,UNet,1000432,0.8609825372695923,31.900985717773438,0.08233904093503952,2.6946401596069336,0.15599216520786285,0.07915438711643219,1.9602317810058594,0.08597773313522339,0.00013001527986489236,0.7965111136436462,0.02003849484026432
2,UNet,1000464,0.8868890404701233,30.976776123046875,0.0837005078792572,5.552695274353027,0.22226227819919586,0.09932025521993637,2.701225996017456,0.1333867311477661,0.0002214056148659438,1.411869764328003,0.03389730304479599
2,UNet,1000538,0.8508398532867432,34.64055252075195,0.09969309717416763,3.992189407348633,0.1555006206035614,0.06908044964075089,1.9826785326004028,0.09005886316299438,0.0001249572669621557,0.6181303858757019,0.008500469848513603
2,UNet,1000591,0.8909093141555786,36.06998062133789,0.09851729869842529,3.7716498374938965,0.16590560972690582,0.06270238012075424,2.0568037033081055,0.09817028045654297,0.00012950366362929344,0.6536769270896912,0.006690033245831728
2,UNet,1000697,0.9225102663040161,35.24687957763672,0.06789392232894897,2.6891472339630127,0.1605668067932129,0.05961493402719498,1.9514544010162354,0.10065549612045288,0.00015836242528166622,0.6395966410636902,0.0100483987480402
2,UNet,1000735,0.8839462399482727,32.80712127685547,0.07810964435338974,3.1850533485412598,0.1716797649860382,0.06642540544271469,2.1523516178131104,0.11281079053878784,0.0001654209045227617,0.7855658531188965,0.016053836792707443
2,UNet,1000759,0.8912091851234436,32.50574493408203,0.06982962042093277,2.516331434249878,0.15097923576831818,0.0684211254119873,1.8611873388290405,0.09662044048309326,0.0001131076569436118,0.8213405609130859,0.018373573198914528
2,UNet,1000769,0.8970853090286255,32.08564376831055,0.07917019724845886,2.520237922668457,0.15321661531925201,0.06526406109333038,1.888007640838623,0.10496163368225098,0.00012332104961387813,0.8343710899353027,0.017272530123591423
2,UNet,1000891,0.8658900260925293,29.778976440429688,0.12509603798389435,2.382110834121704,0.14655430614948273,0.07028603553771973,1.841685175895691,0.09765297174453735,0.00011096039816038683,0.6214609146118164,0.05544378235936165
2,UNet,1000899,0.9028621912002563,33.51457977294922,0.1325017213821411,5.400616645812988,0.18225665390491486,0.07528508454561234,2.2977142333984375,0.09754770994186401,0.00015662304940633476,0.7306563854217529,0.025554770603775978
2,UNet,1001064,0.8919947743415833,33.01325225830078,0.07916045933961868,2.3640894889831543,0.1584801822900772,0.06299161165952682,1.9939663410186768,0.08851110935211182,0.00013896757445763797,0.7185860276222229,0.02330155298113823
2,UNet,1001090,0.8519560694694519,33.548946380615234,0.09827079623937607,4.361850738525391,0.15916696190834045,0.06502930819988251,2.044448137283325,0.10074537992477417,0.00012112044350942597,0.7942030429840088,0.015351762995123863
2,UNet,1001096,0.8630819916725159,30.617029190063477,0.09241235256195068,2.5742621421813965,0.1669366955757141,0.07228142023086548,2.08186674118042,0.12010562419891357,0.00013494609447661787,0.9249985218048096,0.03344901278614998
2,UNet,1001104,0.8347797989845276,30.791053771972656,0.07666918635368347,2.0302937030792236,0.155135840177536,0.06708985567092896,1.9709892272949219,0.08381009101867676,0.00011351447756169364,0.7777253985404968,0.023065343499183655
2,UNet,1001119,0.8308371901512146,31.21111297607422,0.13672317564487457,5.206717491149902,0.17440688610076904,0.07694962620735168,2.193000078201294,0.08802258968353271,0.00014792659203521907,0.6608083248138428,0.028444796800613403
2,UNet,1001140,0.8629539012908936,34.27002716064453,0.11415310949087143,3.3702034950256348,0.1595163494348526,0.06006764993071556,2.005392551422119,0.0814673900604248,0.00012254324974492192,0.5473877191543579,0.009456418454647064
2,UNet,1001144,0.8337348103523254,33.12864303588867,0.09073107689619064,3.843733310699463,0.16135594248771667,0.06326793879270554,2.0336523056030273,0.09283602237701416,0.00011707415251294151,0.5132310390472412,0.012328792363405228
2,UNet,1001159,0.7834139466285706,27.638463973999023,0.26011213660240173,6.438261985778809,0.17428173124790192,0.08237572759389877,2.2196078300476074,0.0917668342590332,0.0001400994078721851,0.5578991770744324,0.07076895236968994
2,UNet,1001168,0.8459022045135498,30.76919174194336,0.08979519456624985,2.1398415565490723,0.15780912339687347,0.05881008133292198,2.0221197605133057,0.08212482929229736,0.00011795616592280567,0.8252294659614563,0.027166787534952164
2,UNet,1001170,0.9051187038421631,34.058353424072266,0.07138540595769882,2.572654962539673,0.14249275624752045,0.05836586281657219,1.7496355772018433,0.09410470724105835,0.00012542668264359236,0.6939313411712646,0.014385798946022987
2,UNet,1001184,0.917851984500885,34.209983825683594,0.08183176815509796,3.143709897994995,0.17267157137393951,0.06904557347297668,2.0991969108581543,0.1115565299987793,0.00012902535672765225,0.787165641784668,0.012853382155299187
2,UNet,1001275,0.7867070436477661,30.37505340576172,0.16066159307956696,5.211468696594238,0.17739693820476532,0.08380427211523056,2.2425293922424316,0.10329794883728027,0.0001301883748965338,0.49121686816215515,0.029456758871674538
2,UNet,1001381,0.9149173498153687,34.661197662353516,0.07637812942266464,4.320812225341797,0.1680598258972168,0.07041740417480469,2.0481979846954346,0.11585915088653564,0.0001724300382193178,0.7838290929794312,0.011629278771579266
2,UNet,1001651,0.8379091024398804,31.594369888305664,0.11563978344202042,3.5562846660614014,0.1590750515460968,0.06284485757350922,2.0069580078125,0.09266221523284912,0.00011213385732844472,0.66384357213974,0.021365037187933922
2,UNet,1001655,0.89802086353302,32.828125,0.12373246252536774,4.35363245010376,0.1547829657793045,0.06466159224510193,1.9382874965667725,0.10573124885559082,0.00013098280760459602,0.6846039891242981,0.023224318400025368
2,UNet,1001687,0.8821691870689392,31.587562561035156,0.08253306895494461,2.604936122894287,0.15827210247516632,0.06774408370256424,1.9741320610046387,0.091280996799469,0.00013125764962751418,0.6542332768440247,0.027402363717556
2,UNet,1001759,0.8882293701171875,32.75185775756836,0.06641524285078049,2.5901036262512207,0.15127161145210266,0.06792163848876953,1.887452244758606,0.09537672996520996,0.0001232363429153338,0.6593046188354492,0.016081389039754868
2,UNet,1001763,0.8839498162269592,32.70951461791992,0.07708428800106049,4.400251388549805,0.18556123971939087,0.08809924125671387,2.277810573577881,0.12323248386383057,0.00017147237667813897,0.9847411513328552,0.017064638435840607
2,UNet,1001798,0.8086313605308533,32.2571907043457,0.14383624494075775,5.069035530090332,0.15930388867855072,0.07469383627176285,2.0457711219787598,0.08425498008728027,0.00012506185157690197,0.6078165769577026,0.017314333468675613
2,UNet,1001850,0.8611299395561218,33.85777282714844,0.12780547142028809,4.0327887535095215,0.17310883104801178,0.07362240552902222,2.1492650508880615,0.10445666313171387,0.0001579245290486142,0.9063699841499329,0.012500273063778877
2,UNet,1001851,0.8459189534187317,33.198978424072266,0.10666240751743317,4.614300727844238,0.1466430276632309,0.06967919319868088,1.8885942697525024,0.07615649700164795,0.000130972737679258,0.7027826309204102,0.01245324220508337
2,UNet,1001938,0.8227078914642334,30.391733169555664,0.12887749075889587,5.500491142272949,0.18262898921966553,0.08291134238243103,2.3464393615722656,0.09181153774261475,0.0001754895638441667,0.7988794445991516,0.030268914997577667
2,UNet,1001959,0.8295868039131165,31.78886604309082,0.12157333642244339,4.751776218414307,0.16595043241977692,0.07357434183359146,2.1055104732513428,0.09217846393585205,0.00012278476788196713,0.7074440717697144,0.016340676695108414
2,UNet,1001995,0.8616967797279358,30.170486450195312,0.11542607843875885,3.025801658630371,0.1671253889799118,0.07737273722887039,2.087573766708374,0.10698646306991577,0.00014043485862202942,1.0257370471954346,0.04374717175960541
2,UNet,1001997,0.8032422065734863,28.36696434020996,0.19768910109996796,4.744107723236084,0.16977913677692413,0.08426640927791595,2.1544415950775146,0.09098809957504272,0.0001312901295023039,0.6796450018882751,0.06853263080120087
2,UNet,1002007,0.8549299240112305,29.819194793701172,0.14642976224422455,3.959733486175537,0.1476590484380722,0.06639473140239716,1.8790795803070068,0.08288067579269409,0.00013355213741306216,0.5921800136566162,0.042134933173656464
2,UNet,1002035,0.8647812604904175,31.640050888061523,0.07207266986370087,2.05073618888855,0.15262246131896973,0.061944637447595596,1.8768138885498047,0.09139823913574219,0.00011955516674788669,0.7956889867782593,0.01875581406056881
2,UNet,1002274,0.8847758769989014,26.096467971801758,0.19761525094509125,4.54475212097168,0.18408885598182678,0.0851365178823471,2.2777771949768066,0.10854500532150269,0.00016138548380695283,0.8605960011482239,0.11240340769290924
2,UNet,1002351,0.854181706905365,28.798320770263672,0.09473887085914612,3.9397048950195312,0.20380590856075287,0.0928598940372467,2.5067737102508545,0.12323403358459473,0.00019252169295214117,1.024529218673706,0.03846226632595062
2,UNet,1002380,0.7725325226783752,30.50008773803711,0.12939238548278809,5.423154830932617,0.1857399046421051,0.0979238897562027,2.305837869644165,0.0986434817314148,0.00014794277376495302,0.7057396173477173,0.02043665200471878
2,UNet,1002382,0.9134966135025024,34.26827621459961,0.06807073205709457,2.182060718536377,0.15028218924999237,0.05373324453830719,1.8488407135009766,0.09260320663452148,0.0001044050877681002,0.5690189003944397,0.01271975226700306
2,UNet,1002412,0.8327015042304993,33.633602142333984,0.13080574572086334,5.070140838623047,0.16505689918994904,0.0811207965016365,2.0774898529052734,0.09058618545532227,0.00012102237087674439,0.6683638691902161,0.011171854101121426
2,UNet,1002417,0.8756556510925293,30.286914825439453,0.08399710059165955,4.781099796295166,0.23772123456001282,0.12156656384468079,2.850937604904175,0.144861102104187,0.000244493770878762,1.620989203453064,0.03058105707168579
2,UNet,1002451,0.8412855267524719,32.137786865234375,0.11525305360555649,4.753669738769531,0.19212870299816132,0.08174177259206772,2.4108781814575195,0.08557605743408203,0.0001735555415507406,1.0424869060516357,0.014498033560812473
2,UNet,1002515,0.7787547707557678,23.06930923461914,0.5644553303718567,5.452425479888916,0.21253228187561035,0.10794980823993683,2.593569278717041,0.12311410903930664,0.00018182607891503721,0.9911231994628906,0.26620176434516907
2,UNet,1002526,0.9374715685844421,34.845703125,0.08612765371799469,2.8348822593688965,0.15419679880142212,0.04877425357699394,1.9019862413406372,0.09252780675888062,0.00012808437168132514,0.5673014521598816,0.014129724353551865
2,UNet,1002538,0.8623226284980774,31.286788940429688,0.17584659159183502,5.354825019836426,0.19266383349895477,0.0911472737789154,2.3890724182128906,0.09336471557617188,0.00018824284779839218,0.8543395400047302,0.039582543075084686
4,UNet,1000017,0.6665630340576172,29.183940887451172,0.19386738538742065,9.786736488342285,0.3276625871658325,0.2206326127052307,3.995090961456299,0.20643097162246704,0.00035243152524344623,2.403214931488037,0.03748241066932678
4,UNet,1000026,0.644727349281311,28.241008758544922,0.16996537148952484,10.551660537719727,0.2988486886024475,0.19854970276355743,3.6439156532287598,0.18223518133163452,0.0002901603584177792,1.829077959060669,0.04184236377477646
4,UNet,1000041,0.7841599583625793,28.95394515991211,0.11554332822561264,6.8436689376831055,0.3075331747531891,0.18377473950386047,3.687335252761841,0.19761598110198975,0.00032055252813734114,1.871178150177002,0.03951060771942139
4,UNet,1000071,0.8044300079345703,28.212984085083008,0.1587325930595398,8.010579109191895,0.31203219294548035,0.1620195209980011,3.689258337020874,0.19432061910629272,0.0002700770855881274,1.9646224975585938,0.0910988599061966
4,UNet,1000107,0.7989457845687866,26.295265197753906,0.1429274082183838,6.892844200134277,0.3024066090583801,0.15495429933071136,3.626377582550049,0.167077898979187,0.0003082046168856323,1.9167119264602661,0.10447844862937927
4,UNet,1000153,0.7382383346557617,27.862607955932617,0.13916675746440887,7.615785121917725,0.29502496123313904,0.1928791105747223,3.557598352432251,0.1830739974975586,0.00028596847550943494,2.043083429336548,0.04873495176434517
4,UNet,1000178,0.6965951919555664,28.056720733642578,0.20379701256752014,10.726234436035156,0.31529372930526733,0.20115926861763,3.865687847137451,0.16633182764053345,0.0002939884434454143,2.000086545944214,0.07376676797866821
4,UNet,1000196,0.703057587146759,26.550888061523438,0.17601971328258514,10.493827819824219,0.36439716815948486,0.23518700897693634,4.360295295715332,0.2096659541130066,0.0003906171186827123,2.58176589012146,0.07210599631071091
4,UNet,1000206,0.7198883891105652,27.92719268798828,0.18284112215042114,10.614618301391602,0.32964837551116943,0.22379247844219208,3.9156947135925293,0.19462627172470093,0.0002859269152395427,2.1264944076538086,0.062409497797489166
4,UNet,1000264,0.8094250559806824,30.62433433532715,0.1111399382352829,8.347742080688477,0.3008444309234619,0.17944851517677307,3.6337692737579346,0.175462007522583,0.0002924629079643637,1.9393080472946167,0.031891949474811554
4,UNet,1000292,0.6671274304389954,28.880767822265625,0.21261553466320038,9.150612831115723,0.30085188150405884,0.22076335549354553,3.7363927364349365,0.17243528366088867,0.0003175210440531373,2.117769956588745,0.05588278919458389
4,UNet,1000314,0.8215675354003906,30.81761360168457,0.09872318804264069,7.522767066955566,0.32041794061660767,0.16808900237083435,3.804175853729248,0.16633820533752441,0.00032730275415815413,2.0039403438568115,0.030137725174427032
4,UNet,1000323,0.8170424103736877,30.60990333557129,0.1054307073354721,9.5118989944458,0.34036314487457275,0.1940586417913437,4.110690116882324,0.17618966102600098,0.00041724101174622774,2.2555997371673584,0.0296607818454504
4,UNet,1000344,0.7536051273345947,24.952110290527344,0.49028414487838745,9.866385459899902,0.3160676956176758,0.2202674001455307,3.935307741165161,0.20139747858047485,0.0003059512237086892,2.0867607593536377,0.19224464893341064
4,UNet,1000432,0.7491495609283447,27.81948471069336,0.13172882795333862,6.92254114151001,0.31683969497680664,0.21692854166030884,3.8343162536621094,0.1888270378112793,0.0003307285951450467,2.1178531646728516,0.05087806284427643
4,UNet,1000464,0.7627151012420654,24.080705642700195,0.18515339493751526,11.192153930664062,0.3930875360965729,0.2627246677875519,4.6351094245910645,0.2396470308303833,0.0004813962441403419,3.0534892082214355,0.1237712875008583
4,UNet,1000538,0.7381277680397034,31.56131362915039,0.14211080968379974,9.179704666137695,0.30228957533836365,0.18328090012073517,3.646000623703003,0.19087517261505127,0.00027776064234785736,2.075455665588379,0.01843818835914135
4,UNet,1000591,0.7985968589782715,32.124427795410156,0.15516367554664612,10.431923866271973,0.3297029137611389,0.1959236115217209,3.9482946395874023,0.1968533992767334,0.0003350459155626595,2.0292704105377197,0.028824621811509132
4,UNet,1000697,0.8546333312988281,30.252273559570312,0.12065941840410233,7.374139308929443,0.28783750534057617,0.1662283092737198,3.4305830001831055,0.18627673387527466,0.0003289111773483455,1.715357780456543,0.03231697157025337
4,UNet,1000735,0.7758097052574158,28.689878463745117,0.12547779083251953,9.017956733703613,0.3170781433582306,0.18704932928085327,3.820979118347168,0.2130245566368103,0.0003262473037466407,2.2106313705444336,0.040051043033599854
4,UNet,1000759,0.7713134288787842,27.34781265258789,0.12645508348941803,6.916412353515625,0.31026893854141235,0.1917390376329422,3.7417869567871094,0.18251276016235352,0.00031015268177725375,2.1471545696258545,0.058569710701704025
4,UNet,1000769,0.7747712135314941,25.613033294677734,0.16679850220680237,7.374096870422363,0.30767473578453064,0.19147303700447083,3.6728739738464355,0.19283080101013184,0.0003092432161793113,2.079300880432129,0.07604986429214478
4,UNet,1000891,0.7494234442710876,25.083648681640625,0.21478797495365143,6.576003074645996,0.28183412551879883,0.1656646430492401,3.4853596687316895,0.17746007442474365,0.0002692693378776312,2.110954999923706,0.17816099524497986
4,UNet,1000899,0.8176829218864441,30.58641815185547,0.18562209606170654,11.294306755065918,0.35509365797042847,0.21098127961158752,4.344206809997559,0.2235357165336609,0.00038268801290541887,2.0489096641540527,0.04864495247602463
4,UNet,1001064,0.7722012996673584,28.408634185791016,0.1345052719116211,8.129647254943848,0.3167886734008789,0.18610252439975739,3.859764575958252,0.17517328262329102,0.0003820349520538002,2.5620245933532715,0.05527429282665253
4,UNet,1001090,0.7445793151855469,29.033000946044922,0.16528061032295227,12.043499946594238,0.3262537717819214,0.21519479155540466,4.011510848999023,0.2267729640007019,0.00037899805465713143,2.746638774871826,0.04874322935938835
4,UNet,1001096,0.7561888694763184,24.385061264038086,0.18937751650810242,5.849998950958252,0.3154906630516052,0.17235855758190155,3.885402202606201,0.1959642767906189,0.0003194049349986017,1.9349498748779297,0.15011775493621826
4,UNet,1001104,0.7215028405189514,26.1944580078125,0.13015195727348328,5.910632610321045,0.28071528673171997,0.16934701800346375,3.4116477966308594,0.1836126446723938,0.0002713358262553811,1.9804399013519287,0.06018950790166855
4,UNet,1001119,0.7388466000556946,26.73546600341797,0.22888880968093872,9.987527847290039,0.30881065130233765,0.19178226590156555,3.8052008152008057,0.1976860761642456,0.0003538251912686974,2.145303249359131,0.08250574767589569
4,UNet,1001140,0.7472875118255615,30.332536697387695,0.17962314188480377,7.964298248291016,0.31186750531196594,0.1881462186574936,3.807929515838623,0.18139636516571045,0.00030121419695205986,1.8658725023269653,0.021963270381093025
4,UNet,1001144,0.7022497653961182,27.806304931640625,0.16744525730609894,9.021061897277832,0.3220674395561218,0.21400724351406097,3.8430793285369873,0.18997806310653687,0.000331953662680462,2.2813804149627686,0.04476936534047127
4,UNet,1001159,0.628500759601593,21.494571685791016,0.5276612639427185,11.545816421508789,0.30425840616226196,0.2191389799118042,3.7895755767822266,0.1878499984741211,0.0002682674676179886,1.8960551023483276,0.2876320779323578
4,UNet,1001168,0.7317016124725342,28.147228240966797,0.12143707275390625,5.971392631530762,0.29216209053993225,0.1708064079284668,3.5484368801116943,0.16597694158554077,0.00030434958171099424,2.1796958446502686,0.05264318734407425
4,UNet,1001170,0.7919797301292419,26.370315551757812,0.1729861944913864,7.557255744934082,0.30400311946868896,0.16577909886837006,3.6759209632873535,0.19305908679962158,0.00031373725505545735,1.917075514793396,0.07839122414588928
4,UNet,1001184,0.8198677897453308,30.529781341552734,0.12500634789466858,8.707897186279297,0.33223944902420044,0.1950371116399765,3.9748525619506836,0.20285111665725708,0.0003318731614854187,2.5488200187683105,0.027497101575136185
4,UNet,1001275,0.6329558491706848,26.35726547241211,0.25515344738960266,10.994202613830566,0.31287604570388794,0.2374785840511322,3.8297297954559326,0.1918429732322693,0.00027280085487291217,1.7678605318069458,0.1201467365026474
4,UNet,1001381,0.8049903512001038,30.32498550415039,0.12582866847515106,10.056496620178223,0.3397280275821686,0.19317057728767395,4.031723976135254,0.23078227043151855,0.00036258925683796406,2.045114278793335,0.0339147225022316
4,UNet,1001651,0.7219422459602356,29.497638702392578,0.14721223711967468,9.372796058654785,0.3077951669692993,0.18408116698265076,3.7374091148376465,0.19213098287582397,0.0002838762302417308,2.009749174118042,0.032885681837797165
4,UNet,1001655,0.782332181930542,23.319835662841797,0.3697413504123688,9.399724006652832,0.3108081817626953,0.20258387923240662,3.8279504776000977,0.22098523378372192,0.0003224111860617995,2.4228124618530273,0.23081865906715393
4,UNet,1001687,0.7600096464157104,27.307342529296875,0.13509488105773926,7.760466575622559,0.3201110363006592,0.174077570438385,3.8837785720825195,0.18289130926132202,0.0003212621668353677,1.9278818368911743,0.06926548480987549
4,UNet,1001759,0.7614707350730896,27.1895751953125,0.12600332498550415,7.787670135498047,0.30042868852615356,0.18467697501182556,3.6877150535583496,0.20565760135650635,0.00031521409982815385,2.082718849182129,0.052920863032341
4,UNet,1001763,0.7494798898696899,27.380290985107422,0.14237283170223236,10.285135269165039,0.35523757338523865,0.2270309031009674,4.234348773956299,0.21570032835006714,0.0004356706631369889,2.543048143386841,0.0627242922782898
4,UNet,1001798,0.6679149270057678,27.708740234375,0.2428235560655594,9.792362213134766,0.2883242964744568,0.21263250708580017,3.560596466064453,0.1788458228111267,0.0002904153661802411,2.199629783630371,0.0892895758152008
4,UNet,1001850,0.7592136859893799,30.7032413482666,0.18377062678337097,10.265828132629395,0.33810943365097046,0.21575191617012024,4.013179302215576,0.21225988864898682,0.0003696839266922325,2.60788893699646,0.024554802104830742
4,UNet,1001851,0.7151140570640564,29.268524169921875,0.16770039498806,10.288191795349121,0.3046496510505676,0.21156151592731476,3.7245640754699707,0.195654034614563,0.0003364117001183331,2.2319278717041016,0.03540349379181862
4,UNet,1001938,0.689000129699707,27.301198959350586,0.1839517205953598,11.023333549499512,0.3435060381889343,0.2383500635623932,4.221782684326172,0.21848219633102417,0.00036159087903797626,2.6118204593658447,0.060477517545223236
4,UNet,1001959,0.6928929686546326,28.301774978637695,0.18163222074508667,9.501504898071289,0.32888489961624146,0.20378705859184265,3.963054895401001,0.2147458791732788,0.00028723033028654754,2.0576415061950684,0.03230953589081764
4,UNet,1001995,0.7458775639533997,27.06622314453125,0.16501256823539734,7.440164089202881,0.3165004849433899,0.1997423768043518,3.903571844100952,0.20117086172103882,0.0003341184929013252,2.198263168334961,0.07758089154958725
4,UNet,1001997,0.6585105657577515,27.26028060913086,0.2245519906282425,9.935382843017578,0.31036376953125,0.19901472330093384,3.787205219268799,0.18280410766601562,0.00031219591619446874,1.9977151155471802,0.0915345847606659
4,UNet,1002007,0.7307985424995422,26.702327728271484,0.209639310836792,9.428486824035645,0.2986619770526886,0.18314571678638458,3.66471004486084,0.18664515018463135,0.0002872887998819351,2.12100887298584,0.09888672828674316
4,UNet,1002035,0.7412038445472717,25.792970657348633,0.14129428565502167,6.5302414894104,0.30650293827056885,0.1728924810886383,3.5944862365722656,0.18665379285812378,0.0003217312041670084,2.1923317909240723,0.07181763648986816
4,UNet,1002274,0.7884209156036377,26.892433166503906,0.18031102418899536,11.493291854858398,0.3398244380950928,0.20503869652748108,4.078028202056885,0.21420294046401978,0.0003799638943746686,2.5618019104003906,0.09752658009529114
4,UNet,1002351,0.7040506601333618,25.126230239868164,0.1445881426334381,10.879112243652344,0.36525022983551025,0.24472419917583466,4.385253429412842,0.22321659326553345,0.00041378274909220636,2.8149023056030273,0.08618583530187607
4,UNet,1002380,0.621043860912323,25.684926986694336,0.2252509891986847,10.927024841308594,0.31190964579582214,0.22579966485500336,3.792748212814331,0.18632984161376953,0.0002989247441291809,1.9704782962799072,0.10179264843463898
4,UNet,1002382,0.8169409036636353,30.399171829223633,0.10627122223377228,6.148218631744385,0.30120018124580383,0.16442014276981354,3.6685845851898193,0.18288373947143555,0.0003181364154443145,1.808450698852539,0.037866830825805664
4,UNet,1002412,0.709555447101593,30.15762710571289,0.19517561793327332,11.085725784301758,0.3206946849822998,0.21046127378940582,3.886415958404541,0.21915918588638306,0.00030076471739448607,2.1675713062286377,0.0284667257219553
4,UNet,1002417,0.7634071111679077,24.707136154174805,0.15968099236488342,10.744502067565918,0.3914720416069031,0.25957754254341125,4.623363971710205,0.23368394374847412,0.0004691518552135676,2.8284683227539062,0.08294884115457535
4,UNet,1002451,0.7095624804496765,28.660785675048828,0.17198967933654785,11.067192077636719,0.35376545786857605,0.2348708063364029,4.289579391479492,0.1976187825202942,0.0003552580310497433,2.673549175262451,0.04331311583518982
4,UNet,1002515,0.7063149809837341,22.929534912109375,0.5736121535301208,11.272703170776367,0.36396875977516174,0.23486903309822083,4.405714988708496,0.21505117416381836,0.00039849631139077246,2.3074703216552734,0.31759101152420044
4,UNet,1002526,0.8599843382835388,28.39586639404297,0.1809816062450409,8.132967948913574,0.287071168422699,0.1565593183040619,3.4651248455047607,0.17027926445007324,0.0002978620177600533,1.6476025581359863,0.08705178648233414
4,UNet,1002538,0.768699586391449,30.10978889465332,0.2013648897409439,11.125900268554688,0.34310823678970337,0.21561354398727417,4.179102420806885,0.17716991901397705,0.00041383691132068634,2.226489305496216,0.047035492956638336
6,UNet,1000017,0.5949722528457642,27.870548248291016,0.2255144566297531,11.809557914733887,0.36825820803642273,0.2623903453350067,4.428987503051758,0.23070794343948364,0.00035000088973902166,2.2613580226898193,0.04865735024213791
6,UNet,1000026,0.5726683735847473,27.108346939086914,0.1936393529176712,12.167790412902832,0.36461305618286133,0.26793110370635986,4.350240230560303,0.22998708486557007,0.0003373645304236561,2.1909282207489014,0.05520649626851082
6,UNet,1000041,0.7430535554885864,27.729022979736328,0.13304272294044495,7.24945592880249,0.32604309916496277,0.212962806224823,3.8728556632995605,0.19695520401000977,0.00031658116495236754,2.08247709274292,0.050612494349479675
6,UNet,1000071,0.7403036952018738,22.835796356201172,0.2947986423969269,10.536015510559082,0.35649365186691284,0.21910040080547333,4.241028785705566,0.20981597900390625,0.0003223165695089847,2.43632173538208,0.2752665579319
6,UNet,1000107,0.7635771632194519,28.038944244384766,0.1169314980506897,7.334252834320068,0.32099854946136475,0.18299879133701324,3.757209062576294,0.16884708404541016,0.0003080585738644004,1.9163957834243774,0.057184360921382904
6,UNet,1000153,0.6805841326713562,26.499492645263672,0.16281384229660034,8.704594612121582,0.30929404497146606,0.20325900614261627,3.7183585166931152,0.1868985891342163,0.0002721509663388133,2.2537050247192383,0.07925692945718765
6,UNet,1000178,0.6445367336273193,26.195247650146484,0.252505898475647,12.797761917114258,0.3529433012008667,0.2391767054796219,4.244030952453613,0.2036857008934021,0.00031742380815558136,2.015284538269043,0.12206807732582092
6,UNet,1000196,0.6616299152374268,26.063508987426758,0.18617884814739227,13.366786003112793,0.39236968755722046,0.2745828628540039,4.700752258300781,0.23319363594055176,0.00041060789953917265,2.7071361541748047,0.12296061962842941
6,UNet,1000206,0.6752529740333557,27.22276496887207,0.19828751683235168,12.01098918914795,0.38561007380485535,0.27055445313453674,4.501239776611328,0.21974259614944458,0.00031598337227478623,2.26096773147583,0.057972393929958344
6,UNet,1000264,0.7729912400245667,24.638050079345703,0.22140344977378845,8.09886360168457,0.3019281327724457,0.17733000218868256,3.630556106567383,0.17184937000274658,0.0002534549857955426,1.7780938148498535,0.19111128151416779
6,UNet,1000292,0.6238014101982117,26.729961395263672,0.2723550796508789,10.687355041503906,0.32150715589523315,0.22022464871406555,3.9587464332580566,0.19841384887695312,0.00030354547197930515,1.9517806768417358,0.11089134961366653
6,UNet,1000314,0.7835915684700012,26.050148010253906,0.17091980576515198,8.908854484558105,0.3379468023777008,0.1708606481552124,3.9795756340026855,0.18135303258895874,0.0003212935116607696,1.9585188627243042,0.11699860543012619
6,UNet,1000323,0.7915956974029541,26.88665771484375,0.16185617446899414,11.877674102783203,0.38882210850715637,0.2476484477519989,4.622758865356445,0.20782166719436646,0.00046942607150413096,2.6121044158935547,0.09992474317550659
6,UNet,1000344,0.7498131990432739,27.38348960876465,0.3705773651599884,11.667860984802246,0.3489571511745453,0.2196507453918457,4.241039276123047,0.2249872088432312,0.00029979736427776515,1.9886889457702637,0.11065271496772766
6,UNet,1000432,0.6815285086631775,26.11778450012207,0.160238116979599,7.224661350250244,0.3356935679912567,0.24161061644554138,4.041705131530762,0.193309485912323,0.00030980230076238513,2.1250579357147217,0.08720355480909348
6,UNet,1000464,0.7382678985595703,25.948583602905273,0.14932678639888763,14.50562572479248,0.4036151170730591,0.2930537462234497,4.801512718200684,0.23004430532455444,0.00047100448864512146,3.0995852947235107,0.10173934698104858
6,UNet,1000538,0.7013939619064331,26.30054473876953,0.2604146897792816,10.884593963623047,0.31715673208236694,0.19612695276737213,3.860557794570923,0.19717621803283691,0.00026482250541448593,2.0533652305603027,0.1255655735731125
6,UNet,1000591,0.7632614374160767,31.332368850708008,0.16997811198234558,10.286897659301758,0.3358303904533386,0.20178097486495972,3.998450994491577,0.19197553396224976,0.00029549727332778275,1.7990829944610596,0.02689606323838234
6,UNet,1000697,0.8172962069511414,26.35565185546875,0.18896974623203278,7.702940940856934,0.30879735946655273,0.19082941114902496,3.634044647216797,0.18960654735565186,0.0002994613896589726,1.6527281999588013,0.08431170135736465
6,UNet,1000735,0.7533118724822998,28.026716232299805,0.1354331374168396,9.490962982177734,0.3291836380958557,0.20303064584732056,3.945014476776123,0.21034300327301025,0.0003255812043789774,2.154085397720337,0.043556541204452515
6,UNet,1000759,0.7215239405632019,25.77223777770996,0.1516055166721344,7.6218438148498535,0.32448241114616394,0.21302485466003418,3.9139909744262695,0.18384909629821777,0.00029557087691500783,2.285876750946045,0.09550843387842178
6,UNet,1000769,0.7409743070602417,23.88819694519043,0.2034389227628708,7.903478145599365,0.31799378991127014,0.2025713175535202,3.882322072982788,0.1848844289779663,0.0002955402887891978,2.2180116176605225,0.16987773776054382
6,UNet,1000891,0.6709370017051697,17.704803466796875,0.5022873282432556,8.453978538513184,0.3246784210205078,0.24345126748085022,4.034965515136719,0.21510910987854004,0.0002927996392827481,2.7382538318634033,0.49258285760879517
6,UNet,1000899,0.6814311146736145,19.96695327758789,0.6303806900978088,14.317028999328613,0.4107040762901306,0.3207353949546814,4.944518089294434,0.2508074641227722,0.0004379244055598974,2.5514321327209473,0.6883062720298767
6,UNet,1001064,0.7352915406227112,21.256792068481445,0.30643007159233093,8.289342880249023,0.3106251060962677,0.18982714414596558,3.8250675201416016,0.18032997846603394,0.000336715136654675,2.186549425125122,0.3249771296977997
6,UNet,1001090,0.652976393699646,25.11492156982422,0.25949305295944214,13.101534843444824,0.3470412492752075,0.25287166237831116,4.082582950592041,0.22694408893585205,0.00033308210549876094,2.590808868408203,0.07593955099582672
6,UNet,1001096,0.6939267516136169,23.894798278808594,0.2003740817308426,8.011344909667969,0.33530735969543457,0.21330806612968445,4.114207744598389,0.20659005641937256,0.0003158021718263626,2.3197293281555176,0.1576862931251526
6,UNet,1001104,0.6268758177757263,23.326608657836914,0.181068554520607,6.401522636413574,0.3180239796638489,0.2139614075422287,3.7463865280151367,0.19614708423614502,0.00026952390908263624,2.187673568725586,0.09740201383829117
6,UNet,1001119,0.6833987236022949,23.643522262573242,0.3267545998096466,13.369401931762695,0.36163267493247986,0.25085732340812683,4.440643310546875,0.21362167596817017,0.00038394733564928174,2.261638641357422,0.14887496829032898
6,UNet,1001140,0.6629994511604309,27.776309967041016,0.24108688533306122,10.61404037475586,0.37483394145965576,0.2462977170944214,4.41487979888916,0.24190276861190796,0.00035183006548322737,2.3115742206573486,0.040837109088897705
6,UNet,1001144,0.6430593729019165,28.295654296875,0.15827246010303497,10.718354225158691,0.3557496666908264,0.25156518816947937,4.170655727386475,0.20853877067565918,0.0003080356982536614,2.1803581714630127,0.035761166363954544
6,UNet,1001159,0.5597596764564514,19.458335876464844,0.6670632362365723,14.872822761535645,0.34954994916915894,0.26268208026885986,4.291851043701172,0.2193928360939026,0.0003114578721579164,2.1689319610595703,0.4650627672672272
6,UNet,1001168,0.6775086522102356,27.457401275634766,0.1314748376607895,6.909775733947754,0.3051803410053253,0.18810462951660156,3.674255609512329,0.1642141342163086,0.00025621222448535264,2.127298355102539,0.06710217148065567
6,UNet,1001170,0.7592229843139648,28.276918411254883,0.13889332115650177,8.549551010131836,0.30549901723861694,0.2056768536567688,3.655348777770996,0.18580752611160278,0.0003093132399953902,2.059762716293335,0.05034272000193596
6,UNet,1001184,0.7874038815498352,29.886857986450195,0.13461028039455414,8.991483688354492,0.35578370094299316,0.2148154079914093,4.216289043426514,0.22003018856048584,0.00035314750857651234,2.410290002822876,0.03035074658691883
6,UNet,1001275,0.5630596280097961,26.08333396911621,0.26332858204841614,13.393437385559082,0.37694793939590454,0.2888250946998596,4.539207458496094,0.2406322956085205,0.0003248826542403549,2.1462173461914062,0.11796922236680984
6,UNet,1001381,0.795421302318573,29.801694869995117,0.13364237546920776,12.116205215454102,0.3466781973838806,0.2384776473045349,4.1361403465271,0.2235170602798462,0.00040343921864405274,2.1052329540252686,0.03556753695011139
6,UNet,1001651,0.6927170753479004,28.531478881835938,0.16453255712985992,11.39757251739502,0.34669557213783264,0.2167816460132599,4.15685510635376,0.20386815071105957,0.00027093529934063554,1.8797509670257568,0.03964297100901604
6,UNet,1001655,0.6927633881568909,19.158475875854492,0.5969886183738708,11.417106628417969,0.3464576005935669,0.2671929597854614,4.279045581817627,0.24464815855026245,0.0003181018109899014,2.4908251762390137,0.4473079442977905
6,UNet,1001687,0.7264952063560486,26.490076065063477,0.14842337369918823,8.85533618927002,0.34558427333831787,0.21525442600250244,4.152293682098389,0.21163088083267212,0.00030740449437871575,2.01693058013916,0.09084898233413696
6,UNet,1001759,0.6996575593948364,25.823970794677734,0.14745593070983887,9.347087860107422,0.3302251398563385,0.23823872208595276,4.012518405914307,0.2113848328590393,0.0003291883913334459,2.220890522003174,0.07177814841270447
6,UNet,1001763,0.6938108205795288,24.7703857421875,0.1922747641801834,13.556172370910645,0.3820367753505707,0.26654261350631714,4.562588691711426,0.2245560884475708,0.000456266658147797,2.6814231872558594,0.11367758363485336
6,UNet,1001798,0.6081210374832153,25.20784568786621,0.323843777179718,11.394890785217285,0.3198726773262024,0.22798720002174377,3.955855131149292,0.20954537391662598,0.00027579814195632935,2.1786274909973145,0.1720515340566635
6,UNet,1001850,0.7437025904655457,30.68773078918457,0.18409909307956696,11.076950073242188,0.34068626165390015,0.20940186083316803,4.015653133392334,0.20498180389404297,0.00030809882446192205,2.449324607849121,0.031133567914366722
6,UNet,1001851,0.6497217416763306,26.43352508544922,0.23242565989494324,13.01594352722168,0.3395228385925293,0.2557952404022217,4.043517589569092,0.21508944034576416,0.0002755066379904747,2.0188114643096924,0.05834953859448433
6,UNet,1001938,0.6346613168716431,25.82870101928711,0.2179359346628189,12.910560607910156,0.3887546956539154,0.28904959559440613,4.790915012359619,0.25237220525741577,0.00037713360507041216,2.9692251682281494,0.08190333843231201
6,UNet,1001959,0.6494847536087036,24.26386833190918,0.2891267240047455,10.667181968688965,0.35030651092529297,0.2509716749191284,4.259146690368652,0.22027158737182617,0.0002795774198602885,2.1645777225494385,0.19358481466770172
6,UNet,1001995,0.682263195514679,25.847549438476562,0.1898675560951233,10.671320915222168,0.3537136912345886,0.22744904458522797,4.3037428855896,0.23415327072143555,0.0003270378219895065,2.4778194427490234,0.12318089604377747
6,UNet,1001997,0.5904145836830139,23.333826065063477,0.35289016366004944,13.215505599975586,0.3596280813217163,0.26075851917266846,4.396882057189941,0.2295944094657898,0.0003375822270754725,2.3133065700531006,0.27088189125061035
6,UNet,1002007,0.6657924652099609,24.44453239440918,0.2718707323074341,10.856130599975586,0.3398623466491699,0.260385125875473,4.12605619430542,0.22648918628692627,0.00033521969453431666,2.4424924850463867,0.1612267941236496
6,UNet,1002035,0.7059658169746399,26.441192626953125,0.13113345205783844,7.408143520355225,0.3408864736557007,0.20293781161308289,3.9731788635253906,0.19462966918945312,0.0003577978350222111,2.22843074798584,0.06053248792886734
6,UNet,1002274,0.7471643090248108,21.928014755249023,0.3193325400352478,12.706430435180664,0.35772305727005005,0.21428030729293823,4.273726940155029,0.20850175619125366,0.000352017319528386,2.239798069000244,0.27734118700027466
6,UNet,1002351,0.6911444664001465,25.69037437438965,0.13549567759037018,10.160523414611816,0.3738238215446472,0.24785900115966797,4.496552467346191,0.23434627056121826,0.00040216566412709653,2.7111997604370117,0.06837644428014755
6,UNet,1002380,0.5497238039970398,21.25140380859375,0.3752691447734833,12.456500053405762,0.3619682192802429,0.2602006196975708,4.387519836425781,0.21440142393112183,0.00034155172761529684,2.4170186519622803,0.28545325994491577
6,UNet,1002382,0.789622962474823,26.78919792175293,0.1610327959060669,6.700736999511719,0.30859699845314026,0.18468214571475983,3.7341856956481934,0.18644928932189941,0.0002896755759138614,1.687963604927063,0.11352889239788055
6,UNet,1002412,0.6471559405326843,28.77385902404785,0.22888322174549103,13.106521606445312,0.3838961124420166,0.28281378746032715,4.563982009887695,0.26531219482421875,0.0003478855069261044,2.5383517742156982,0.04026234149932861
6,UNet,1002417,0.7460201978683472,25.684566497802734,0.1426861435174942,11.325876235961914,0.4174666404724121,0.2856108546257019,4.906643867492676,0.24828851222991943,0.00048005091957747936,2.9338300228118896,0.0861143246293068
6,UNet,1002451,0.6537562608718872,26.74016571044922,0.21455243229866028,13.77366828918457,0.4060360789299011,0.2904669940471649,4.916277885437012,0.24104875326156616,0.00041032739682123065,2.8564019203186035,0.08837299048900604
6,UNet,1002515,0.704971194267273,25.209640502929688,0.4411771893501282,14.572514533996582,0.3924042880535126,0.25583863258361816,4.690937519073486,0.24015367031097412,0.00040406285552307963,2.270805597305298,0.19864292442798615
6,UNet,1002526,0.83392333984375,27.083396911621094,0.21050284802913666,9.134055137634277,0.3135921061038971,0.17204853892326355,3.796747922897339,0.1676487922668457,0.0003080552560277283,1.8408198356628418,0.09788572788238525
6,UNet,1002538,0.701954185962677,24.930419921875,0.36555466055870056,13.569524765014648,0.3865082263946533,0.2893580198287964,4.6822967529296875,0.2089521884918213,0.0004351181269157678,2.4868006706237793,0.18881526589393616
2,Unrolled,1000017,0.8458759784698486,33.29628372192383,0.12075015157461166,3.0808768272399902,0.13596168160438538,0.04310265928506851,1.7576097249984741,0.05965137481689453,8.620310109108686e-05,0.23420682549476624,0.012212567031383514
2,Unrolled,1000026,0.8274616003036499,32.464664459228516,0.10451478511095047,3.2976627349853516,0.13730376958847046,0.051910094916820526,1.7492613792419434,0.05330592393875122,7.997154898475856e-05,0.22225886583328247,0.010927766561508179
2,Unrolled,1000041,0.9516137838363647,38.10439682006836,0.040292322635650635,0.8180996775627136,0.07597465068101883,0.020773623138666153,0.9278669357299805,0.03164660930633545,4.126372732571326e-05,0.29006505012512207,0.008152525871992111
2,Unrolled,1000071,0.9376634955406189,37.34440612792969,0.05547470971941948,1.3795394897460938,0.09715476632118225,0.026059873402118683,1.183379888534546,0.06132209300994873,5.3431787819135934e-05,0.3001170754432678,0.009554704651236534
2,Unrolled,1000107,0.926245927810669,34.98320007324219,0.05256769061088562,0.775506854057312,0.10019810497760773,0.02094416320323944,1.238442063331604,0.05452752113342285,5.7156696129823104e-05,0.34136471152305603,0.014968901872634888
2,Unrolled,1000153,0.9215202927589417,34.822566986083984,0.062450747936964035,0.9237458109855652,0.09032073616981506,0.021746652200818062,1.1350923776626587,0.04808962345123291,4.671735950978473e-05,0.2742128074169159,0.01786976493895054
2,Unrolled,1000178,0.8576546311378479,34.30211639404297,0.09929513931274414,2.922435998916626,0.13937731087207794,0.043811678886413574,1.7779141664505005,0.05669432878494263,8.606993651483208e-05,0.2480386197566986,0.0072297328151762486
2,Unrolled,1000196,0.8769611716270447,34.48844528198242,0.07058027386665344,2.509695529937744,0.13794982433319092,0.04163039103150368,1.7304810285568237,0.06111598014831543,8.551807695766911e-05,0.3591703176498413,0.010107865557074547
2,Unrolled,1000206,0.8733638525009155,34.6400146484375,0.08441754430532455,3.212606906890869,0.1276034563779831,0.044953953474760056,1.6087853908538818,0.05646169185638428,7.468508556485176e-05,0.2677513062953949,0.008414882235229015
2,Unrolled,1000264,0.9179142713546753,36.13017654418945,0.05896279215812683,2.12221097946167,0.12719929218292236,0.04546201229095459,1.6084409952163696,0.06660962104797363,8.448313747067004e-05,0.47369080781936646,0.009303539991378784
2,Unrolled,1000292,0.8449699878692627,34.01973342895508,0.11766484379768372,3.3736000061035156,0.13122817873954773,0.039090778678655624,1.6903334856033325,0.057996511459350586,7.71110353525728e-05,0.23411378264427185,0.00887034460902214
2,Unrolled,1000314,0.9385595917701721,39.33456802368164,0.03703150153160095,1.2085946798324585,0.10259787738323212,0.021940667182207108,1.2328025102615356,0.05732154846191406,6.87657156959176e-05,0.38641324639320374,0.0033560860902071
2,Unrolled,1000323,0.9549615383148193,39.189048767089844,0.03926537558436394,1.3711751699447632,0.09999118745326996,0.023235216736793518,1.2237986326217651,0.06196129322052002,7.104576798155904e-05,0.3673803508281708,0.0058650122955441475
2,Unrolled,1000344,0.9138752818107605,36.56759262084961,0.1287282109260559,2.799680233001709,0.11158978939056396,0.029255066066980362,1.4376137256622314,0.05803680419921875,6.429155473597348e-05,0.22286540269851685,0.009388058446347713
2,Unrolled,1000432,0.9175827503204346,35.52328872680664,0.054261352866888046,0.9623727798461914,0.09059571474790573,0.02475670911371708,1.1356631517410278,0.05040162801742554,5.2103529014857486e-05,0.26448193192481995,0.010769900865852833
2,Unrolled,1000464,0.9427937269210815,34.60913848876953,0.05509471893310547,1.9897794723510742,0.12379312515258789,0.036826279014348984,1.4944207668304443,0.07761114835739136,9.194297308567911e-05,0.6059509515762329,0.015270112082362175
2,Unrolled,1000538,0.8844569325447083,36.16142654418945,0.08367997407913208,2.5004360675811768,0.12893234193325043,0.03663458302617073,1.6595146656036377,0.0639803409576416,8.55910693644546e-05,0.2518034875392914,0.0062352074310183525
2,Unrolled,1000591,0.9252669811248779,38.189544677734375,0.0771852433681488,2.1713497638702393,0.11087758839130402,0.024215931072831154,1.4064000844955444,0.04743695259094238,5.757627513958141e-05,0.21180486679077148,0.00612466037273407
2,Unrolled,1000697,0.9610220193862915,42.19552993774414,0.03050692193210125,0.6260336637496948,0.08417440205812454,0.018260344862937927,1.0295310020446777,0.05426377058029175,4.5761174988001585e-05,0.2951328158378601,0.002043828833848238
2,Unrolled,1000735,0.9239704608917236,34.576045989990234,0.06371745467185974,1.1825053691864014,0.11094921827316284,0.026339776813983917,1.3988245725631714,0.06128901243209839,8.592847007093951e-05,0.40984758734703064,0.013855346478521824
2,Unrolled,1000759,0.9420390725135803,38.55455780029297,0.034801580011844635,0.6751230955123901,0.07897322624921799,0.01956908404827118,0.9590786099433899,0.04491788148880005,4.250443816999905e-05,0.29993993043899536,0.00491104694083333
2,Unrolled,1000769,0.9502468109130859,37.77400207519531,0.04112858697772026,0.685090184211731,0.08044658601284027,0.01823592185974121,0.9851503968238831,0.04542124271392822,4.1681898437673226e-05,0.24777552485466003,0.008837230503559113
2,Unrolled,1000891,0.9113597273826599,33.360721588134766,0.08282400667667389,1.0269200801849365,0.10003963112831116,0.030142106115818024,1.257506012916565,0.0498698353767395,5.3907402616459876e-05,0.22114621102809906,0.023555774241685867
2,Unrolled,1000899,0.9374847412109375,39.12712097167969,0.06943756341934204,2.4472951889038086,0.12090004980564117,0.03139973059296608,1.5300495624542236,0.06301122903823853,8.53094898047857e-05,0.2890898585319519,0.003014105139300227
2,Unrolled,1001064,0.9498735070228577,36.937564849853516,0.05038401484489441,0.6216620802879333,0.08298031985759735,0.018651612102985382,1.015494465827942,0.04426854848861694,4.9113252316601574e-05,0.2877214848995209,0.012352516874670982
2,Unrolled,1001090,0.8998527526855469,36.912742614746094,0.0667167380452156,2.126176357269287,0.10767746716737747,0.025583531707525253,1.3826717138290405,0.041085660457611084,5.855834751855582e-05,0.21963924169540405,0.005563310347497463
2,Unrolled,1001096,0.9085352420806885,34.5113525390625,0.05902198329567909,0.9860607981681824,0.10414746403694153,0.027772098779678345,1.3062113523483276,0.060276925563812256,6.824033334851265e-05,0.3318387269973755,0.01305060088634491
2,Unrolled,1001104,0.8838043212890625,33.87171173095703,0.05377592891454697,0.7937647104263306,0.10742100328207016,0.027607779949903488,1.3607287406921387,0.0491788387298584,5.687598240911029e-05,0.29300040006637573,0.011238209903240204
2,Unrolled,1001119,0.8845522403717041,33.38291549682617,0.10647611320018768,2.5523762702941895,0.11963531374931335,0.034132085740566254,1.5333328247070312,0.05188089609146118,7.015192386461422e-05,0.24046729505062103,0.021593615412712097
2,Unrolled,1001140,0.8959641456604004,36.33441162109375,0.09000537544488907,2.398486375808716,0.11932888627052307,0.03194713220000267,1.5148847103118896,0.05932527780532837,6.160121120046824e-05,0.19857487082481384,0.005856605712324381
2,Unrolled,1001144,0.8731295466423035,34.91351318359375,0.07387757301330566,2.2627570629119873,0.12248057872056961,0.030465686693787575,1.5637463331222534,0.04969680309295654,7.22058757673949e-05,0.1912304013967514,0.008727753534913063
2,Unrolled,1001159,0.8132236003875732,30.666372299194336,0.18355458974838257,4.85183572769165,0.1441037505865097,0.053636595606803894,1.851533055305481,0.06479132175445557,9.804696310311556e-05,0.2693483531475067,0.03257804736495018
2,Unrolled,1001168,0.888712465763092,31.110698699951172,0.08633317798376083,1.0012118816375732,0.11254614591598511,0.02967091090977192,1.4505094289779663,0.05807077884674072,6.895913975313306e-05,0.36506688594818115,0.025531094521284103
2,Unrolled,1001170,0.9532836079597473,39.169288635253906,0.039633527398109436,0.5600609183311462,0.07473096251487732,0.017886299639940262,0.9002565145492554,0.03653717041015625,3.721535176737234e-05,0.3093448579311371,0.006342940032482147
2,Unrolled,1001184,0.9656095504760742,41.63243865966797,0.034817639738321304,0.7717702984809875,0.06943321228027344,0.018154196441173553,0.8480440974235535,0.05300736427307129,4.106477354071103e-05,0.3009864091873169,0.0026433581952005625
2,Unrolled,1001275,0.8220228552818298,32.479270935058594,0.1260959506034851,3.7996909618377686,0.13879968225955963,0.05558560788631439,1.7760239839553833,0.06756281852722168,8.651012467453256e-05,0.24889951944351196,0.011739746667444706
2,Unrolled,1001381,0.9638842940330505,39.892269134521484,0.04182303696870804,1.2022136449813843,0.0882108062505722,0.02641383372247219,1.0533655881881714,0.06091201305389404,6.169734842842445e-05,0.29188454151153564,0.006071626208722591
2,Unrolled,1001651,0.8806667923927307,35.50360107421875,0.07373024523258209,2.18896484375,0.1160963848233223,0.03044356405735016,1.4882429838180542,0.05395054817199707,6.71664165565744e-05,0.2086259424686432,0.006348561029881239
2,Unrolled,1001655,0.9343260526657104,38.66258239746094,0.06320634484291077,2.0973000526428223,0.10108637064695358,0.024902891367673874,1.2617658376693726,0.053005874156951904,6.3330378907267e-05,0.2572711706161499,0.004523131065070629
2,Unrolled,1001687,0.9277171492576599,35.023719787597656,0.05556740239262581,1.2176581621170044,0.09354274719953537,0.030092362314462662,1.1414090394973755,0.06113541126251221,5.2374001825228333e-05,0.33906668424606323,0.01721184328198433
2,Unrolled,1001759,0.9425897598266602,36.800254821777344,0.04167234152555466,0.6388317346572876,0.07674108445644379,0.02146214246749878,0.9518911838531494,0.042481422424316406,3.984194700024091e-05,0.2538069188594818,0.008972788229584694
2,Unrolled,1001763,0.957257091999054,38.4511604309082,0.03980004042387009,1.2533208131790161,0.08445693552494049,0.02315615490078926,1.021587610244751,0.05430418252944946,5.580732977250591e-05,0.32721489667892456,0.007215243764221668
2,Unrolled,1001798,0.8410483598709106,33.78631591796875,0.12061796337366104,3.8078951835632324,0.13304100930690765,0.04498634487390518,1.706336259841919,0.05253875255584717,8.670940587762743e-05,0.2857362926006317,0.008780322968959808
2,Unrolled,1001850,0.9059157967567444,37.72788619995117,0.08185473084449768,2.2411491870880127,0.12490732967853546,0.029713762924075127,1.5701038837432861,0.06799989938735962,7.996438216650859e-05,0.2732123136520386,0.0036676882300525904
2,Unrolled,1001851,0.8906830549240112,36.09049606323242,0.07646021991968155,2.3312344551086426,0.10853604227304459,0.031245820224285126,1.4058170318603516,0.047982215881347656,7.056190224830061e-05,0.22335763275623322,0.006577362306416035
2,Unrolled,1001938,0.8769794702529907,34.68294906616211,0.07863509654998779,2.6837127208709717,0.1278800368309021,0.04095829278230667,1.652047038078308,0.05491995811462402,8.298093598568812e-05,0.28358450531959534,0.006794392131268978
2,Unrolled,1001959,0.8720268607139587,34.38592529296875,0.09015408158302307,2.7692952156066895,0.12754756212234497,0.03871440142393112,1.6184735298156738,0.053477704524993896,7.860943878768012e-05,0.2781529128551483,0.007585819344967604
2,Unrolled,1001995,0.9178510904312134,31.054767608642578,0.10425329208374023,1.173789381980896,0.09678509086370468,0.025459982454776764,1.2249786853790283,0.05023610591888428,5.7880239182850346e-05,0.27483874559402466,0.03948931768536568
2,Unrolled,1001997,0.8320518732070923,31.882915496826172,0.13188187777996063,3.141289472579956,0.14408747851848602,0.047153957188129425,1.8356657028198242,0.07076025009155273,8.78420687513426e-05,0.2676170766353607,0.020374173298478127
2,Unrolled,1002007,0.8970895409584045,33.91114044189453,0.09141808748245239,2.153604030609131,0.1026410385966301,0.02839840017259121,1.310167908668518,0.044406771659851074,6.786726589780301e-05,0.23255014419555664,0.016556086018681526
2,Unrolled,1002035,0.9153926372528076,36.085933685302734,0.04319928586483002,0.873526394367218,0.09161893278360367,0.024679210036993027,1.134013295173645,0.049903929233551025,5.014639100409113e-05,0.3455682098865509,0.008585752919316292
2,Unrolled,1002274,0.9484215378761292,34.338233947753906,0.07651247829198837,1.844117522239685,0.09871440380811691,0.027622267603874207,1.2088524103164673,0.05268067121505737,6.216741167008877e-05,0.3320663273334503,0.02061063051223755
2,Unrolled,1002351,0.9328081011772156,36.68000030517578,0.038233499974012375,1.0593862533569336,0.10031786561012268,0.025220291689038277,1.2379577159881592,0.05546385049819946,7.196711521828547e-05,0.3376161456108093,0.005941422656178474
2,Unrolled,1002380,0.8053578734397888,31.477340698242188,0.11562346667051315,3.6577086448669434,0.14941243827342987,0.06045852228999138,1.880789041519165,0.06462037563323975,9.258418140234426e-05,0.30003565549850464,0.01387049537152052
2,Unrolled,1002382,0.95457923412323,40.809513092041016,0.03205520659685135,0.578431248664856,0.07537637650966644,0.017447885125875473,0.9178786277770996,0.03856217861175537,3.777032543439418e-05,0.25137439370155334,0.003106496762484312
2,Unrolled,1002412,0.8786321878433228,35.57284927368164,0.10463199019432068,3.0512542724609375,0.12108779698610306,0.039113666862249374,1.5600287914276123,0.05185884237289429,7.716170512139797e-05,0.2293233573436737,0.006916859187185764
2,Unrolled,1002417,0.9166726469993591,34.000648498535156,0.05477440357208252,2.9700450897216797,0.15513451397418976,0.062260378152132034,1.8877437114715576,0.10277247428894043,0.00014776729221921414,0.8836120367050171,0.011880465783178806
2,Unrolled,1002451,0.8885116577148438,35.174556732177734,0.0812482088804245,2.340066432952881,0.12624183297157288,0.035498593002557755,1.6070295572280884,0.059244513511657715,7.696067041251808e-05,0.2871803343296051,0.008429073728621006
2,Unrolled,1002515,0.8975420594215393,32.00346374511719,0.20180030167102814,2.9548139572143555,0.1391456425189972,0.03783567249774933,1.7435624599456787,0.0569303035736084,9.312095062341541e-05,0.4033096730709076,0.030473625287413597
2,Unrolled,1002526,0.9628876447677612,40.53847885131836,0.04472021013498306,1.0351217985153198,0.0839599072933197,0.01799202710390091,1.0303809642791748,0.06166267395019531,4.9683687393553555e-05,0.2896721363067627,0.004679941106587648
2,Unrolled,1002538,0.8949031233787537,36.611122131347656,0.09526143223047256,2.955291748046875,0.13235116004943848,0.03923475742340088,1.6654467582702637,0.060311853885650635,8.635476842755452e-05,0.23719701170921326,0.004309982992708683
4,Unrolled,1000017,0.7192685008049011,29.654537200927734,0.18364323675632477,6.4830193519592285,0.2612781524658203,0.1376032829284668,3.2450034618377686,0.14560186862945557,0.00020733354904223233,1.2197037935256958,0.04266950488090515
4,Unrolled,1000026,0.6877533197402954,29.57940101623535,0.14569374918937683,7.0719895362854,0.2591051757335663,0.13909775018692017,3.16947078704834,0.13943004608154297,0.00018787318549584597,1.0298906564712524,0.02520054019987583
4,Unrolled,1000041,0.8604797124862671,32.35981750488281,0.07806410640478134,3.235954761505127,0.19062364101409912,0.08344829082489014,2.290492534637451,0.09573054313659668,0.0001403073692927137,1.004908561706543,0.03331703692674637
4,Unrolled,1000071,0.8448752760887146,29.631357192993164,0.13481786847114563,4.133435249328613,0.22404326498508453,0.0897538810968399,2.6305904388427734,0.13939499855041504,0.0001510796428192407,1.2992682456970215,0.07064126431941986
4,Unrolled,1000107,0.833975613117218,29.780967712402344,0.0956820473074913,2.6853408813476562,0.2128961980342865,0.07321853935718536,2.531376600265503,0.11219745874404907,0.00015381062985397875,1.350141167640686,0.05339770019054413
4,Unrolled,1000153,0.8021730184555054,31.393421173095703,0.09268191456794739,3.045447587966919,0.205807626247406,0.08966712653636932,2.4861645698547363,0.11464744806289673,0.0001346113858744502,1.1425820589065552,0.035626571625471115
4,Unrolled,1000178,0.7382148504257202,30.973188400268555,0.14567147195339203,7.057373046875,0.26265326142311096,0.11766847223043442,3.2389678955078125,0.13051271438598633,0.00020286593644414097,1.1482571363449097,0.026025528088212013
4,Unrolled,1000196,0.7528884410858154,27.939321517944336,0.15001672506332397,6.939166069030762,0.27709251642227173,0.1433705985546112,3.3870584964752197,0.14458191394805908,0.0002249037497676909,1.6610080003738403,0.08376877754926682
4,Unrolled,1000206,0.7601749300956726,31.3277587890625,0.12360774725675583,7.554722785949707,0.2549137473106384,0.13516414165496826,3.0725128650665283,0.1354469656944275,0.00016771235095802695,1.1192818880081177,0.021880511194467545
4,Unrolled,1000264,0.8360453248023987,30.771692276000977,0.10927034169435501,4.962335109710693,0.24827781319618225,0.12920302152633667,2.994934558868408,0.14851582050323486,0.00020075861539226025,1.6896309852600098,0.038877665996551514
4,Unrolled,1000292,0.7159625291824341,31.085750579833984,0.16494756937026978,6.768540382385254,0.244343563914299,0.11657882481813431,3.0168373584747314,0.1265375018119812,0.00018783389532472938,1.0942803621292114,0.02347884513437748
4,Unrolled,1000314,0.8572769165039062,32.900352478027344,0.07767517119646072,4.096334457397461,0.2359122931957245,0.08073528856039047,2.7710742950439453,0.13253039121627808,0.00020561709243338555,1.2719628810882568,0.024410374462604523
4,Unrolled,1000323,0.8896405100822449,31.5052490234375,0.09510421752929688,4.764157772064209,0.25777727365493774,0.09805484861135483,3.0324807167053223,0.14823001623153687,0.00023645420151297003,1.5129435062408447,0.043335191905498505
4,Unrolled,1000344,0.8293242454528809,30.744665145874023,0.2516634166240692,6.620902061462402,0.24922695755958557,0.10410963743925095,3.0630650520324707,0.15309548377990723,0.00017119193216785789,1.0701813697814941,0.050523512065410614
4,Unrolled,1000432,0.8023728728294373,27.554685592651367,0.13580657541751862,3.5860869884490967,0.21893376111984253,0.09729588031768799,2.635037422180176,0.12649619579315186,0.00015548113151453435,1.0672175884246826,0.0884520560503006
4,Unrolled,1000464,0.8405722379684448,27.32755470275879,0.1274058222770691,5.89284610748291,0.29381150007247925,0.15041908621788025,3.4170875549316406,0.16825252771377563,0.0002851916942745447,2.119419574737549,0.05557110533118248
4,Unrolled,1000538,0.7825070023536682,33.1622428894043,0.11818993836641312,6.220530033111572,0.2470542937517166,0.1041097342967987,3.0325980186462402,0.1373898983001709,0.00018445635214447975,1.1871094703674316,0.013007608242332935
4,Unrolled,1000591,0.8489621877670288,34.40784454345703,0.11929415911436081,5.660880088806152,0.23864717781543732,0.08400529623031616,2.887730360031128,0.11596232652664185,0.00016663169662933797,0.8783560991287231,0.018357738852500916
4,Unrolled,1000697,0.9081305265426636,37.43117904663086,0.052797820419073105,2.1436893939971924,0.19164401292800903,0.06525526195764542,2.2570576667785645,0.1143597960472107,0.0001429356198059395,1.0127716064453125,0.00602524122223258
4,Unrolled,1000735,0.8271400332450867,31.511531829833984,0.09067431092262268,3.673323154449463,0.23156654834747314,0.07927616685628891,2.8162291049957275,0.14026612043380737,0.00019452598644420505,1.1865508556365967,0.02530909702181816
4,Unrolled,1000759,0.841002345085144,31.688976287841797,0.07671462744474411,2.859095335006714,0.19978918135166168,0.0870426595211029,2.3690972328186035,0.10249048471450806,0.0001460844650864601,1.1758038997650146,0.028544191271066666
4,Unrolled,1000769,0.8521788120269775,32.55438995361328,0.07501088827848434,3.0183939933776855,0.20535561442375183,0.0869654044508934,2.421727180480957,0.11475259065628052,0.00014349202683661133,1.1993095874786377,0.026045475155115128
4,Unrolled,1000891,0.7995317578315735,27.772171020507812,0.15761002898216248,3.002711772918701,0.2295025736093521,0.09524786472320557,2.7975330352783203,0.1316501498222351,0.00013991566083859652,1.0053126811981201,0.10242760926485062
4,Unrolled,1000899,0.8615766167640686,34.413753509521484,0.11947111040353775,7.272047519683838,0.27332761883735657,0.11040478944778442,3.3504459857940674,0.16293179988861084,0.00026526619330979884,1.3746367692947388,0.012323610484600067
4,Unrolled,1001064,0.864514172077179,30.34459114074707,0.10763198882341385,2.682065963745117,0.197239950299263,0.07507340610027313,2.3572659492492676,0.11278939247131348,0.00016409321688115597,1.02529776096344,0.05849079042673111
4,Unrolled,1001090,0.7980249524116516,32.57933044433594,0.10987666249275208,5.657254219055176,0.2227117270231247,0.08198913931846619,2.7000439167022705,0.11573779582977295,0.00015377539966721088,1.0176414251327515,0.013782322406768799
4,Unrolled,1001096,0.7918439507484436,29.521028518676758,0.1048407331109047,3.247756242752075,0.23748552799224854,0.10283218324184418,2.8799057006835938,0.13465255498886108,0.00017664741608314216,1.431632399559021,0.04762820526957512
4,Unrolled,1001104,0.7678135633468628,30.279930114746094,0.08131620287895203,2.4337687492370605,0.20567798614501953,0.0777706652879715,2.538783550262451,0.11380326747894287,0.00013138106442056596,0.9712402820587158,0.02484298124909401
4,Unrolled,1001119,0.7771055698394775,25.771194458007812,0.2557632625102997,6.185929298400879,0.23306860029697418,0.10870002955198288,2.8835325241088867,0.13659310340881348,0.0001771712995832786,1.100752592086792,0.13778212666511536
4,Unrolled,1001140,0.7868549823760986,32.815467834472656,0.13496331870555878,6.186332702636719,0.24494032561779022,0.10914409160614014,2.99509859085083,0.13557928800582886,0.00018511663074605167,1.1061244010925293,0.015486289747059345
4,Unrolled,1001144,0.7674056887626648,29.714580535888672,0.1344185471534729,5.443068504333496,0.23564405739307404,0.09776142984628677,2.911892890930176,0.1251468062400818,0.00016508952830918133,0.9953943490982056,0.05031353607773781
4,Unrolled,1001159,0.6782340407371521,26.71832847595215,0.28917941451072693,9.012361526489258,0.2615005373954773,0.13846254348754883,3.300245761871338,0.14883416891098022,0.00018894157255999744,0.9737251996994019,0.10430354624986649
4,Unrolled,1001168,0.7719292044639587,28.35076141357422,0.11862455308437347,2.6407642364501953,0.21340149641036987,0.08645561337471008,2.627021312713623,0.11940515041351318,0.00016007086378522217,1.2101563215255737,0.04747672379016876
4,Unrolled,1001170,0.8683133721351624,32.615386962890625,0.08428647369146347,2.5067198276519775,0.18048951029777527,0.06613557040691376,2.1353759765625,0.09051501750946045,0.00012296295608393848,1.0259724855422974,0.03212006390094757
4,Unrolled,1001184,0.8933243155479431,34.7640266418457,0.07677500694990158,3.665771007537842,0.20633211731910706,0.07799369841814041,2.4738659858703613,0.13272929191589355,0.0001703171437839046,1.1704554557800293,0.016404541209340096
4,Unrolled,1001275,0.6817590594291687,27.81827163696289,0.21565081179141998,7.552406311035156,0.2582855820655823,0.1526908576488495,3.2122902870178223,0.14130520820617676,0.000191884784726426,1.157440423965454,0.07234448939561844
4,Unrolled,1001381,0.8958818912506104,34.99628448486328,0.07348769158124924,4.423930644989014,0.22552353143692017,0.10628906637430191,2.639082908630371,0.14909029006958008,0.0001995246420847252,1.2796813249588013,0.017618678510189056
4,Unrolled,1001651,0.7754100561141968,32.758758544921875,0.10113183408975601,6.4183855056762695,0.23727357387542725,0.09084893018007278,2.897486448287964,0.12213265895843506,0.00015954348782543093,0.9669493436813354,0.01463783998042345
4,Unrolled,1001655,0.8554946184158325,30.09731674194336,0.16944313049316406,6.264948844909668,0.21926374733448029,0.08356417715549469,2.652770757675171,0.14051562547683716,0.00016783237515483052,1.1889973878860474,0.05203177034854889
4,Unrolled,1001687,0.8172779679298401,27.837047576904297,0.12710238993167877,4.194053649902344,0.226541206240654,0.10740561038255692,2.685739040374756,0.13145458698272705,0.00017778323672246188,1.3261147737503052,0.08561215549707413
4,Unrolled,1001759,0.8409000039100647,31.99646759033203,0.07244983315467834,2.501615524291992,0.19274161756038666,0.086372509598732,2.311676502227783,0.1094856858253479,0.00012369554315228015,0.9462313652038574,0.02659709006547928
4,Unrolled,1001763,0.8712143898010254,32.03528594970703,0.0833061933517456,4.566603660583496,0.2298586070537567,0.09486459940671921,2.708207368850708,0.13468682765960693,0.00018881769210565835,1.3165643215179443,0.03152747079730034
4,Unrolled,1001798,0.7089027762413025,30.810760498046875,0.16989858448505402,6.983541011810303,0.24035440385341644,0.12362721562385559,2.988750457763672,0.12727200984954834,0.000182162897544913,1.1251866817474365,0.023962724953889847
4,Unrolled,1001850,0.8241525888442993,34.272804260253906,0.12184225767850876,5.826972007751465,0.25290441513061523,0.10123542696237564,3.0495805740356445,0.14290893077850342,0.00017971722991205752,1.231360912322998,0.01240433007478714
4,Unrolled,1001851,0.795921802520752,32.207923889160156,0.11955402791500092,5.875185012817383,0.21697871387004852,0.0958234965801239,2.673614978790283,0.11437654495239258,0.00015493201499339193,1.0151560306549072,0.023750143125653267
4,Unrolled,1001938,0.7508120536804199,30.81802749633789,0.12270504236221313,7.084733486175537,0.26740145683288574,0.12649282813072205,3.3118889331817627,0.1474820375442505,0.00021627753449138254,1.4662121534347534,0.02276238240301609
4,Unrolled,1001959,0.7457320094108582,30.416152954101562,0.1423882246017456,6.488691806793213,0.25600573420524597,0.13159440457820892,3.163278102874756,0.14215433597564697,0.00019630210590548813,1.2863740921020508,0.018496423959732056
4,Unrolled,1001995,0.7970547676086426,24.247379302978516,0.22827550768852234,4.014349937438965,0.22718341648578644,0.098606176674366,2.793203115463257,0.13454705476760864,0.00016856408910825849,1.2260186672210693,0.1758064329624176
4,Unrolled,1001997,0.6938664317131042,29.518396377563477,0.17314545810222626,6.465237617492676,0.2631497085094452,0.13221989572048187,3.2569336891174316,0.15731030702590942,0.0001984770642593503,1.117429256439209,0.03813527524471283
4,Unrolled,1002007,0.7899766564369202,30.074607849121094,0.14218661189079285,5.2683000564575195,0.2307954579591751,0.09815603494644165,2.812246084213257,0.12343287467956543,0.00017491390462964773,1.0566518306732178,0.04341995716094971
4,Unrolled,1002035,0.7943225502967834,31.71734619140625,0.0714341551065445,3.104296922683716,0.2203948199748993,0.0894734188914299,2.5860559940338135,0.12760019302368164,0.00016702405991964042,1.4133186340332031,0.022757112979888916
4,Unrolled,1002274,0.8631780743598938,27.674659729003906,0.16478240489959717,5.914493083953857,0.2372514009475708,0.10004881024360657,2.829383611679077,0.1362091302871704,0.0002090285997837782,1.4741004705429077,0.09114530682563782
4,Unrolled,1002351,0.8187323808670044,30.59564971923828,0.07703030854463577,4.569407939910889,0.24962231516838074,0.11324094235897064,3.0144898891448975,0.15122348070144653,0.00022832947433926165,1.6101231575012207,0.030193354934453964
4,Unrolled,1002380,0.656650722026825,25.317506790161133,0.2349836528301239,7.708418846130371,0.2658218741416931,0.1489741951227188,3.2647056579589844,0.14996445178985596,0.00019241066183894873,1.206605076789856,0.1102650985121727
4,Unrolled,1002382,0.8840602040290833,33.00321960449219,0.07874323427677155,2.271833896636963,0.18036991357803345,0.06395211070775986,2.1732540130615234,0.10998117923736572,0.00011854281183332205,0.8732565641403198,0.035169992595911026
4,Unrolled,1002412,0.7654733061790466,31.787206649780273,0.16178809106349945,7.245517730712891,0.2383148968219757,0.1216878741979599,2.978172779083252,0.12770557403564453,0.0001902976364362985,1.1761962175369263,0.02149743214249611
4,Unrolled,1002417,0.7587236762046814,20.21172523498535,0.2679315507411957,7.932366371154785,0.3295529782772064,0.21925896406173706,3.9048519134521484,0.20179176330566406,0.000385526567697525,2.5326356887817383,0.326348215341568
4,Unrolled,1002451,0.7716597318649292,28.859603881835938,0.168097585439682,6.490450859069824,0.2637213468551636,0.12965229153633118,3.262141704559326,0.1281396746635437,0.00020980695262551308,1.4919626712799072,0.07154211401939392
4,Unrolled,1002515,0.7184832096099854,22.02706527709961,0.6364169120788574,7.335282802581787,0.2869262099266052,0.15450024604797363,3.51621150970459,0.1560131311416626,0.0002471073530614376,1.6258138418197632,0.34528499841690063
4,Unrolled,1002526,0.9054129719734192,30.717945098876953,0.13852573931217194,4.298123836517334,0.20799875259399414,0.07641462981700897,2.4623749256134033,0.12981516122817993,0.00017973181093111634,1.3072104454040527,0.04948975518345833
4,Unrolled,1002538,0.8027411103248596,33.196044921875,0.14114676415920258,6.988230228424072,0.2784689664840698,0.12504436075687408,3.342560291290283,0.14789491891860962,0.0002279396721860394,1.3477096557617188,0.010287942364811897
6,Unrolled,1000017,0.6355031132698059,27.73727798461914,0.2290012091398239,10.675505638122559,0.3555769920349121,0.2133348286151886,4.294445991516113,0.2198091745376587,0.00033466023160144687,2.405475378036499,0.07702215015888214
6,Unrolled,1000026,0.6064757704734802,27.66506576538086,0.18161745369434357,10.912615776062012,0.35722893476486206,0.2197200357913971,4.292004585266113,0.21740788221359253,0.00034291023621335626,2.1892178058624268,0.06091134995222092
6,Unrolled,1000041,0.7698649764060974,28.659515380859375,0.11952711641788483,7.0030975341796875,0.29729047417640686,0.17788153886795044,3.5046298503875732,0.18965989351272583,0.0002769811253529042,2.1249911785125732,0.06799708306789398
6,Unrolled,1000071,0.7594276666641235,24.28706932067871,0.24943757057189941,8.833005905151367,0.3416525423526764,0.18621549010276794,3.960167407989502,0.2268444299697876,0.00028812131495215,2.6259684562683105,0.2365272492170334
6,Unrolled,1000107,0.7526167631149292,26.831457138061523,0.13437114655971527,7.910548210144043,0.3159601390361786,0.16550511121749878,3.6853890419006348,0.18901550769805908,0.0002966838073916733,2.3313803672790527,0.11217798292636871
6,Unrolled,1000153,0.6953507661819458,27.55111312866211,0.14424818754196167,8.470744132995605,0.302021324634552,0.18600812554359436,3.5749752521514893,0.17834711074829102,0.00022703668219037354,2.3177356719970703,0.08371331542730331
6,Unrolled,1000178,0.6685966849327087,28.489990234375,0.1938806176185608,11.16944694519043,0.3568646311759949,0.1933813989162445,4.255285263061523,0.20696496963500977,0.00030837018857710063,1.9843955039978027,0.06369023025035858
6,Unrolled,1000196,0.6788075566291809,26.8765926361084,0.16954153776168823,11.503335952758789,0.3757973909378052,0.22818422317504883,4.49324369430542,0.23329752683639526,0.000388873100746423,2.509237051010132,0.10494601726531982
6,Unrolled,1000206,0.6637874245643616,27.535917282104492,0.19126595556735992,11.330111503601074,0.37386274337768555,0.23962894082069397,4.286514759063721,0.2335289716720581,0.00027572884573601186,2.3237879276275635,0.04328065365552902
6,Unrolled,1000264,0.7862449884414673,25.825878143310547,0.19310474395751953,8.742898941040039,0.321992427110672,0.1636791080236435,3.8288986682891846,0.20195358991622925,0.00028984385426156223,2.2126307487487793,0.1557685136795044
6,Unrolled,1000292,0.6439805626869202,28.259965896606445,0.22836792469024658,10.043660163879395,0.3159191608428955,0.17936751246452332,3.8605198860168457,0.18000352382659912,0.00029565906152129173,1.8655881881713867,0.07165458053350449
6,Unrolled,1000314,0.783961296081543,30.906299591064453,0.09772031009197235,8.775836944580078,0.3463267683982849,0.17660462856292725,3.971255302429199,0.21249723434448242,0.0003137876919936389,2.5105230808258057,0.030560428276658058
6,Unrolled,1000323,0.8270109295845032,27.313411712646484,0.15409612655639648,9.107019424438477,0.3731288015842438,0.2106819748878479,4.344521522521973,0.2387017011642456,0.00040848212665878236,2.553837299346924,0.10640542209148407
6,Unrolled,1000344,0.7604010105133057,26.688425064086914,0.40145063400268555,10.830074310302734,0.34670358896255493,0.18524514138698578,4.182332515716553,0.2263699173927307,0.0002795271575450897,2.0245633125305176,0.13281312584877014
6,Unrolled,1000432,0.6950923800468445,26.20771598815918,0.15858761966228485,7.78922176361084,0.32860052585601807,0.19702599942684174,3.8672988414764404,0.20645934343338013,0.0002726152597460896,2.118514060974121,0.12011408060789108
6,Unrolled,1000464,0.7642460465431213,23.902782440185547,0.188985213637352,11.492448806762695,0.40351438522338867,0.27260977029800415,4.622480869293213,0.23383575677871704,0.00043502659536898136,3.312500476837158,0.11335834860801697
6,Unrolled,1000538,0.7220236659049988,27.305910110473633,0.2319515198469162,10.947208404541016,0.3336561322212219,0.1702934354543686,4.032954216003418,0.21485090255737305,0.00029105046996846795,2.227813243865967,0.11052937805652618
6,Unrolled,1000591,0.7834390997886658,30.994577407836914,0.17671877145767212,10.843174934387207,0.33366063237190247,0.17226411402225494,3.9722139835357666,0.18811631202697754,0.0002709451364353299,1.8319162130355835,0.04371257126331329
6,Unrolled,1000697,0.8497366309165955,32.928619384765625,0.08866331726312637,5.883144378662109,0.2775018513202667,0.14125089347362518,3.24239182472229,0.19007062911987305,0.00024594052229076624,1.771838903427124,0.017361639067530632
6,Unrolled,1000735,0.7482655048370361,29.056934356689453,0.12028570473194122,8.684707641601562,0.3268507421016693,0.15965166687965393,3.8316426277160645,0.2221505045890808,0.00030856908415444195,2.150134563446045,0.04150059074163437
6,Unrolled,1000759,0.7335019707679749,25.12974739074707,0.16324488818645477,7.236155033111572,0.31091248989105225,0.1834239959716797,3.717627763748169,0.17591124773025513,0.0002653241390362382,2.3518424034118652,0.12446223944425583
6,Unrolled,1000769,0.7542401552200317,22.640657424926758,0.23486106097698212,7.7968854904174805,0.3087191581726074,0.1838756650686264,3.7024617195129395,0.18761032819747925,0.0002617065329104662,2.29416823387146,0.21751296520233154
6,Unrolled,1000891,0.7021409869194031,21.623126983642578,0.3199160397052765,7.192698001861572,0.3269810080528259,0.19273002445697784,3.971832275390625,0.2036571502685547,0.00025613902835175395,2.4386892318725586,0.34809166193008423
6,Unrolled,1000899,0.7986840009689331,30.75943374633789,0.18196120858192444,11.592803955078125,0.3822278678417206,0.21064861118793488,4.54170036315918,0.24261808395385742,0.0004186584264971316,2.161802053451538,0.04516522213816643
6,Unrolled,1001064,0.7744476795196533,25.364465713500977,0.1909623146057129,7.650770664215088,0.29840540885925293,0.15837489068508148,3.5731983184814453,0.1814415454864502,0.0002897738304454833,2.1640167236328125,0.1661088913679123
6,Unrolled,1001090,0.7006851434707642,27.297557830810547,0.2018337994813919,11.325448989868164,0.31768274307250977,0.1685602068901062,3.728095293045044,0.20030593872070312,0.00026728014927357435,2.2791335582733154,0.048363156616687775
6,Unrolled,1001096,0.7035199403762817,24.77410888671875,0.1810823231935501,7.034527778625488,0.33376240730285645,0.18201008439064026,3.977318286895752,0.21059906482696533,0.00030038889963179827,2.4118752479553223,0.15819117426872253
6,Unrolled,1001104,0.6643842458724976,27.017133712768555,0.11839050054550171,7.0106096267700195,0.3106350600719452,0.16673775017261505,3.7060060501098633,0.1961544156074524,0.0002340798091609031,2.2669405937194824,0.06782995909452438
6,Unrolled,1001119,0.6976474523544312,21.215694427490234,0.4321287274360657,9.918327331542969,0.33749350905418396,0.20198333263397217,4.055507659912109,0.22290366888046265,0.0003097279113717377,2.3026602268218994,0.32704001665115356
6,Unrolled,1001140,0.7089743614196777,30.309146881103516,0.1801074743270874,9.691876411437988,0.36001676321029663,0.189008891582489,4.226718425750732,0.22132664918899536,0.0003008078201673925,2.167813777923584,0.027291536331176758
6,Unrolled,1001144,0.6911767721176147,28.96405792236328,0.14654983580112457,10.272638320922852,0.33429664373397827,0.18776611983776093,3.9804439544677734,0.20115333795547485,0.00026477081701159477,1.9687426090240479,0.0625530406832695
6,Unrolled,1001159,0.59847092628479,22.70733070373535,0.4588991403579712,12.35786247253418,0.34504497051239014,0.20528438687324524,4.224742889404297,0.21026408672332764,0.000287418719381094,1.8292396068572998,0.2624002993106842
6,Unrolled,1001168,0.6808545589447021,27.614782333374023,0.1291140764951706,5.833111763000488,0.3024033308029175,0.16341432929039001,3.613361120223999,0.1733173131942749,0.0002459044917486608,1.9945168495178223,0.06918288767337799
6,Unrolled,1001170,0.7805443406105042,29.488563537597656,0.120808906853199,6.433208465576172,0.277183473110199,0.14245659112930298,3.253911018371582,0.15731316804885864,0.00023540647816844285,1.8715872764587402,0.05126827210187912
6,Unrolled,1001184,0.8089935779571533,29.882600784301758,0.1346762776374817,9.34182357788086,0.33568087220191956,0.18330049514770508,3.93757963180542,0.21180087327957153,0.00031001647585071623,2.602158784866333,0.05578375980257988
6,Unrolled,1001275,0.5910728573799133,26.604602813720703,0.24799025058746338,11.495621681213379,0.35681992769241333,0.2380370944738388,4.300199508666992,0.22155839204788208,0.0003115290019195527,1.9778754711151123,0.10114377737045288
6,Unrolled,1001381,0.8289976119995117,31.680509567260742,0.1076473593711853,9.842973709106445,0.3212975263595581,0.20914682745933533,3.7124857902526855,0.22264277935028076,0.0003500028979033232,2.2091047763824463,0.03324538469314575
6,Unrolled,1001651,0.6975603103637695,29.977153778076172,0.13930544257164001,11.923047065734863,0.3289385735988617,0.16737988591194153,3.9062142372131348,0.18676769733428955,0.000245994480792433,2.037684440612793,0.034428369253873825
6,Unrolled,1001655,0.769162654876709,24.297786712646484,0.3303699791431427,11.266993522644043,0.3260836899280548,0.1679823100566864,3.8616557121276855,0.22768747806549072,0.0002749940031208098,2.3987720012664795,0.19529733061790466
6,Unrolled,1001687,0.7294902801513672,25.182987213134766,0.17252691090106964,8.335663795471191,0.332053005695343,0.202488973736763,3.875974655151367,0.20680171251296997,0.00028627150459215045,2.385230779647827,0.1599084883928299
6,Unrolled,1001759,0.7534521222114563,27.208385467529297,0.1257307380437851,6.8061652183532715,0.2964228689670563,0.1769525110721588,3.5431466102600098,0.18512123823165894,0.00024855288211256266,2.0045969486236572,0.08743371814489365
6,Unrolled,1001763,0.7800499200820923,29.35065269470215,0.11347729712724686,10.220537185668945,0.3439859449863434,0.21093863248825073,3.9654760360717773,0.22595274448394775,0.00036528531927615404,2.5948619842529297,0.05714608356356621
6,Unrolled,1001798,0.6311640739440918,23.59819793701172,0.3897784650325775,10.393080711364746,0.3285922408103943,0.21518288552761078,4.053072929382324,0.19713765382766724,0.00029653357341885567,2.2587499618530273,0.2337740957736969
6,Unrolled,1001850,0.7611389756202698,31.225881576538086,0.1730390191078186,10.549670219421387,0.3387640118598938,0.1782412976026535,4.007059097290039,0.20376527309417725,0.0002996496332343668,2.369527816772461,0.03145818039774895
6,Unrolled,1001851,0.7041627168655396,28.987953186035156,0.1732059121131897,10.588566780090332,0.3224036991596222,0.19088374078273773,3.8403327465057373,0.19864821434020996,0.00026138295652344823,2.054882764816284,0.044990140944719315
6,Unrolled,1001938,0.6735801696777344,28.606056213378906,0.1582927107810974,10.289697647094727,0.36362653970718384,0.20023709535598755,4.3596415519714355,0.23425745964050293,0.00034282502019777894,2.581273078918457,0.03778291866183281
6,Unrolled,1001959,0.6804416179656982,26.668460845947266,0.21920911967754364,10.41087818145752,0.3433927893638611,0.18399083614349365,4.107263565063477,0.20012545585632324,0.00027294002939015627,2.017673969268799,0.10507528483867645
6,Unrolled,1001995,0.702498197555542,22.95311164855957,0.2649553120136261,8.18648910522461,0.3342398405075073,0.1845639944076538,4.043368339538574,0.22066855430603027,0.00028993358137086034,2.230069398880005,0.2465062141418457
6,Unrolled,1001997,0.6160714626312256,26.435951232910156,0.24690698087215424,10.366914749145508,0.3559231162071228,0.2093208134174347,4.287266731262207,0.23322784900665283,0.0003152158751618117,1.9942834377288818,0.11768238991498947
6,Unrolled,1002007,0.7090739607810974,26.502525329589844,0.2145175337791443,8.720020294189453,0.32563158869743347,0.1722458004951477,3.8800132274627686,0.20032191276550293,0.00029617437394335866,2.117072582244873,0.11450137197971344
6,Unrolled,1002035,0.7012333869934082,27.786151885986328,0.11232217401266098,7.454951286315918,0.3180910646915436,0.1736905574798584,3.6645097732543945,0.19825667142868042,0.00031009846134111285,2.5792860984802246,0.0755191221833229
6,Unrolled,1002274,0.7799226641654968,24.01698875427246,0.2510698437690735,11.43303394317627,0.3652516305446625,0.20216338336467743,4.2568230628967285,0.2264019250869751,0.0003583361685741693,2.8659210205078125,0.21118983626365662
6,Unrolled,1002351,0.7326506972312927,27.596668243408203,0.10879544913768768,8.79727840423584,0.35216575860977173,0.21217285096645355,4.161942005157471,0.22091412544250488,0.00034395221155136824,2.719085454940796,0.062127795070409775
6,Unrolled,1002380,0.5769655108451843,24.291074752807617,0.26445960998535156,11.09774112701416,0.3598514497280121,0.22168150544166565,4.305365562438965,0.23889970779418945,0.00033242441713809967,2.239316701889038,0.1623222976922989
6,Unrolled,1002382,0.8053185343742371,27.92984390258789,0.14121539890766144,5.785615921020508,0.28180134296417236,0.14967216551303864,3.3485968112945557,0.16737180948257446,0.0002366039261687547,1.758890986442566,0.09977912902832031
6,Unrolled,1002412,0.694160521030426,28.33727264404297,0.24068179726600647,11.019192695617676,0.34494078159332275,0.1932435780763626,4.178293228149414,0.22705906629562378,0.00031145240063779056,2.084763526916504,0.06294692307710648
6,Unrolled,1002417,0.6426142454147339,16.914060592651367,0.3916580080986023,12.978103637695312,0.44775861501693726,0.3476633131504059,5.17505407333374,0.2675842046737671,0.0005216089775785804,3.567387580871582,0.6227437853813171
6,Unrolled,1002451,0.6840017437934875,24.953290939331055,0.2635584771633148,11.552034378051758,0.36456775665283203,0.20775733888149261,4.435349941253662,0.20582795143127441,0.0003401492431294173,2.820502996444702,0.20102711021900177
6,Unrolled,1002515,0.6499319672584534,20.570898056030273,0.7525755763053894,12.170522689819336,0.37147611379623413,0.2378385066986084,4.46928071975708,0.22520923614501953,0.0003605246893130243,2.2830939292907715,0.5207277536392212
6,Unrolled,1002526,0.8418875932693481,27.338668823242188,0.20440630614757538,9.480859756469727,0.31821781396865845,0.1886136382818222,3.7389378547668457,0.20198196172714233,0.0003409663331694901,2.3756892681121826,0.1083531379699707
6,Unrolled,1002538,0.7471892833709717,30.891277313232422,0.18403880298137665,12.221990585327148,0.3839675784111023,0.2162378430366516,4.511131286621094,0.2306869626045227,0.00037176767364144325,2.4400463104248047,0.039200976490974426
