Acceleration,Method,ScanID,SSFD (Patch Size 1),SSFD (Patch Size 4),SSFD (Patch Size 8),SSFD (Patch Size 16),SSFD (Patch Size 64),SSFD (Patch Coverage 10),SSFD (Patch Coverage 25),SSFD (Patch Coverage 50),SSFD (Patch Coverage 75)
2,UNet,1000017,4.018243312835693,0.5813232660293579,0.9210089445114136,1.8447068929672241,0.30919259786605835,0.787204384803772,1.8447068929672241,4.245724201202393,1.315061330795288
2,UNet,1000026,3.307121992111206,0.5824160575866699,1.0290799140930176,1.465897560119629,0.2590934634208679,0.6873292922973633,1.465897560119629,4.576750755310059,1.237449288368225
2,UNet,1000041,3.3000073432922363,0.3673994243144989,1.3542578220367432,0.8969993591308594,0.22860364615917206,0.5699508190155029,0.8969993591308594,2.7357096672058105,0.7693056464195251
2,UNet,1000071,8.977252960205078,0.45862311124801636,2.1231253147125244,1.1018011569976807,0.20876622200012207,0.72652667760849,1.1018011569976807,3.9747378826141357,1.179375171661377
2,UNet,1000107,2.4991135597229004,0.2716423571109772,0.8706330060958862,0.8633235692977905,0.16248227655887604,0.3811801075935364,0.8633235692977905,2.0297207832336426,0.6619407534599304
2,UNet,1000153,3.5305094718933105,0.37771841883659363,1.272650957107544,0.767375648021698,0.28036975860595703,0.4982627034187317,0.767375648021698,2.5461924076080322,0.7711890339851379
2,UNet,1000178,2.9958014488220215,0.49352389574050903,0.83982914686203,1.4766873121261597,0.22525477409362793,0.6948686838150024,1.4766873121261597,4.418341636657715,1.1408668756484985
2,UNet,1000196,6.356391906738281,0.8559709787368774,1.9067777395248413,2.1242051124572754,0.438058078289032,0.9157775640487671,2.1242051124572754,5.172432899475098,1.7954797744750977
2,UNet,1000206,2.7525699138641357,0.4749569892883301,0.9317446947097778,1.2260925769805908,0.17541193962097168,0.533959150314331,1.2260925769805908,5.387362480163574,1.157047986984253
2,UNet,1000264,2.6133511066436768,0.3529825508594513,1.4643280506134033,1.103416085243225,0.1515032947063446,0.5086954832077026,1.103416085243225,3.611889600753784,0.865486741065979
2,UNet,1000292,2.9646201133728027,0.8264440298080444,0.8699305653572083,1.555331826210022,0.2689981758594513,0.7559178471565247,1.555331826210022,4.437129020690918,1.0996425151824951
2,UNet,1000314,2.477947235107422,0.3539307713508606,1.9326508045196533,1.2258861064910889,0.16893458366394043,0.502635657787323,1.2258861064910889,3.1202125549316406,0.8056347966194153
2,UNet,1000323,6.908537864685059,0.7999891042709351,3.484581708908081,2.4192426204681396,0.549003005027771,0.949343204498291,2.4192426204681396,4.649422645568848,0.975112795829773
2,UNet,1000344,2.9653918743133545,0.5286946296691895,0.8608065843582153,1.535085916519165,0.25237756967544556,0.6939628720283508,1.535085916519165,4.03940486907959,1.1845672130584717
2,UNet,1000432,2.64688777923584,0.3643007278442383,1.3410685062408447,0.8973420858383179,0.2658694386482239,0.5638682246208191,0.8973420858383179,2.6946401596069336,0.8340643644332886
2,UNet,1000464,4.171438217163086,1.1506526470184326,4.660372734069824,2.580280303955078,0.5498258471488953,1.0364038944244385,2.580280303955078,5.552695274353027,1.3405275344848633
2,UNet,1000538,3.5905814170837402,0.5456175208091736,1.5818312168121338,1.3461246490478516,0.17777174711227417,0.5685690641403198,1.3461246490478516,3.992189407348633,0.8695346117019653
2,UNet,1000591,3.0082836151123047,0.5783655047416687,1.580237627029419,1.4768970012664795,0.32399117946624756,0.6050912141799927,1.4768970012664795,3.7716498374938965,0.7753653526306152
2,UNet,1000697,1.9324458837509155,0.21489553153514862,0.8595793843269348,0.8574725985527039,0.12480541318655014,0.4764779508113861,0.8574725985527039,2.6891472339630127,0.7097606658935547
2,UNet,1000735,1.6467554569244385,0.28122562170028687,1.5601037740707397,0.9093601107597351,0.1919514238834381,0.44125571846961975,0.9093601107597351,3.1850533485412598,0.6825577020645142
2,UNet,1000759,3.2919647693634033,0.3299901783466339,1.1032378673553467,0.7842750549316406,0.3148002028465271,0.46764618158340454,0.7842750549316406,2.516331434249878,0.8283136487007141
2,UNet,1000769,3.0386877059936523,0.3410435616970062,1.1422512531280518,0.7839394807815552,0.3097071349620819,0.4914437234401703,0.7839394807815552,2.520237922668457,0.8215360641479492
2,UNet,1000891,2.9972290992736816,0.4610525667667389,1.7185910940170288,0.826827347278595,0.2360285222530365,0.5528174042701721,0.826827347278595,2.382110834121704,0.7378445863723755
2,UNet,1000899,4.260873317718506,0.7622764110565186,1.2465970516204834,1.9919980764389038,0.3922785222530365,0.9456707835197449,1.9919980764389038,5.400616645812988,1.6951782703399658
2,UNet,1001064,2.502578020095825,0.302581787109375,1.6191141605377197,0.8816299438476562,0.1470264345407486,0.5461581349372864,0.8816299438476562,2.3640894889831543,0.939426064491272
2,UNet,1001090,1.9509727954864502,0.5616956949234009,2.219757556915283,1.147466778755188,0.2459714710712433,0.545152485370636,1.147466778755188,4.361850738525391,0.8641492128372192
2,UNet,1001096,3.0692319869995117,0.42082101106643677,0.967629611492157,0.8584734797477722,0.23409903049468994,0.4469479024410248,0.8584734797477722,2.5742621421813965,0.7907388806343079
2,UNet,1001104,1.9260658025741577,0.26445162296295166,1.7426528930664062,0.6871656775474548,0.13676145672798157,0.4051128327846527,0.6871656775474548,2.0302937030792236,0.5697411298751831
2,UNet,1001119,5.403681755065918,0.5040682554244995,1.5341936349868774,1.8300435543060303,0.3709416389465332,0.7722042798995972,1.8300435543060303,5.206717491149902,1.1763588190078735
2,UNet,1001140,2.3689990043640137,0.4598436951637268,0.8082070350646973,1.2789490222930908,0.20114751160144806,0.5360387563705444,1.2789490222930908,3.3702034950256348,1.1726047992706299
2,UNet,1001144,3.2245631217956543,0.4450717568397522,1.8505111932754517,1.0769481658935547,0.16825461387634277,0.5557582974433899,1.0769481658935547,3.843733310699463,0.9970661997795105
2,UNet,1001159,2.651014566421509,0.9063140749931335,1.0385310649871826,1.5628511905670166,0.35771051049232483,0.9191967248916626,1.5628511905670166,6.438261985778809,2.0490024089813232
2,UNet,1001168,2.2224113941192627,0.2678636610507965,1.7370163202285767,0.6478919386863708,0.13804565370082855,0.33739766478538513,0.6478919386863708,2.1398415565490723,0.5711537599563599
2,UNet,1001170,2.6768906116485596,0.2903144955635071,1.6603091955184937,0.8565995097160339,0.14549249410629272,0.4683663249015808,0.8565995097160339,2.572654962539673,0.6526509523391724
2,UNet,1001184,2.781129837036133,0.3134807348251343,1.2963058948516846,1.0161954164505005,0.15523552894592285,0.6027964353561401,1.0161954164505005,3.143709897994995,0.7485461235046387
2,UNet,1001275,2.9567618370056152,0.8990545272827148,0.9022639989852905,1.505164623260498,0.36921024322509766,0.8219968676567078,1.505164623260498,5.211468696594238,1.3842833042144775
2,UNet,1001381,1.8771631717681885,0.30435046553611755,1.6809959411621094,1.2851285934448242,0.22748050093650818,0.6852601766586304,1.2851285934448242,4.320812225341797,1.1236255168914795
2,UNet,1001651,2.0495035648345947,0.5438241362571716,2.129676342010498,1.0075440406799316,0.2134215384721756,0.5746927857398987,1.0075440406799316,3.5562846660614014,0.704041063785553
2,UNet,1001655,3.2500052452087402,0.4016941487789154,1.5357768535614014,1.3761529922485352,0.2191958874464035,0.47882118821144104,1.3761529922485352,4.35363245010376,0.9159380793571472
2,UNet,1001687,2.167680501937866,0.355020135641098,1.9144232273101807,0.931276798248291,0.21568337082862854,0.48655980825424194,0.931276798248291,2.604936122894287,0.6973179578781128
2,UNet,1001759,2.8542633056640625,0.3713751435279846,1.5502482652664185,1.1152641773223877,0.2416740208864212,0.6187621355056763,1.1152641773223877,2.5901036262512207,0.93732750415802
2,UNet,1001763,2.0530173778533936,0.3771768808364868,1.853176474571228,1.482306718826294,0.2473362386226654,0.665949821472168,1.482306718826294,4.400251388549805,1.0370633602142334
2,UNet,1001798,2.186945676803589,0.8000780344009399,0.9870473146438599,1.3842827081680298,0.2920873165130615,0.7242727875709534,1.3842827081680298,5.069035530090332,1.0986896753311157
2,UNet,1001850,2.4852142333984375,0.5611550807952881,1.365070104598999,1.3464224338531494,0.23734202980995178,0.6204991340637207,1.3464224338531494,4.0327887535095215,0.8149770498275757
2,UNet,1001851,1.9533627033233643,0.6339142918586731,1.5773935317993164,1.3657915592193604,0.36412185430526733,0.757026731967926,1.3657915592193604,4.614300727844238,0.9234914779663086
2,UNet,1001938,4.705376625061035,0.6329673528671265,1.1017965078353882,1.4808273315429688,0.35062354803085327,0.7271772027015686,1.4808273315429688,5.500491142272949,1.2987086772918701
2,UNet,1001959,3.947190523147583,0.5679776072502136,1.0076501369476318,1.4026949405670166,0.22483308613300323,0.4905799925327301,1.4026949405670166,4.751776218414307,1.3827893733978271
2,UNet,1001995,2.589672803878784,0.4343128204345703,1.3020806312561035,1.010467529296875,0.18052856624126434,0.5592103600502014,1.010467529296875,3.025801658630371,0.8406156301498413
2,UNet,1001997,3.552008867263794,0.744296669960022,1.0982978343963623,1.7713543176651,0.35776370763778687,0.7531958818435669,1.7713543176651,4.744107723236084,1.3412930965423584
2,UNet,1002007,2.082123279571533,0.48870402574539185,1.266775369644165,1.2990585565567017,0.21641798317432404,0.5287390351295471,1.2990585565567017,3.959733486175537,1.0155320167541504
2,UNet,1002035,2.469913959503174,0.2634160816669464,1.403180718421936,0.820473313331604,0.14149034023284912,0.4319022595882416,0.820473313331604,2.05073618888855,0.5268687009811401
2,UNet,1002274,3.2182459831237793,0.5524284243583679,2.806366443634033,1.6811325550079346,0.28488054871559143,0.7052971124649048,1.6811325550079346,4.54475212097168,0.9121949076652527
2,UNet,1002351,2.512235164642334,0.4373161792755127,1.3510189056396484,1.2757054567337036,0.32068052887916565,0.7053710222244263,1.2757054567337036,3.9397048950195312,0.9965368509292603
2,UNet,1002380,3.6763103008270264,0.6109143495559692,1.0738859176635742,1.855333924293518,0.3302727937698364,0.7553372383117676,1.855333924293518,5.423154830932617,1.2216540575027466
2,UNet,1002382,2.0302844047546387,0.2021699696779251,0.6178148984909058,0.5698872804641724,0.11060173809528351,0.3960281014442444,0.5698872804641724,2.182060718536377,0.5877145528793335
2,UNet,1002412,3.4778411388397217,0.6999582052230835,0.9142265319824219,1.6500459909439087,0.29222768545150757,0.8031118512153625,1.6500459909439087,5.070140838623047,1.2638102769851685
2,UNet,1002417,5.030200958251953,0.5695827603340149,4.615541458129883,2.478435754776001,0.4026692807674408,0.9773422479629517,2.478435754776001,4.781099796295166,1.3717583417892456
2,UNet,1002451,4.022400379180908,0.5308117270469666,1.0940592288970947,1.4259207248687744,0.3437809348106384,0.7344164848327637,1.4259207248687744,4.753669738769531,1.4911695718765259
2,UNet,1002515,7.143846035003662,0.9947106242179871,1.1371558904647827,1.888893723487854,0.49601855874061584,1.0044147968292236,1.888893723487854,5.452425479888916,2.6357686519622803
2,UNet,1002526,1.3607622385025024,0.23538441956043243,1.5901280641555786,0.9164544939994812,0.13223624229431152,0.3737478256225586,0.9164544939994812,2.8348822593688965,0.5677237510681152
2,UNet,1002538,6.995326995849609,0.9942721128463745,1.2389276027679443,1.9126083850860596,0.48827195167541504,1.0811048746109009,1.9126083850860596,5.354825019836426,2.1609368324279785
4,UNet,1000017,10.605401992797852,1.8379316329956055,2.9651904106140137,3.8845341205596924,0.7913627624511719,1.7745338678359985,3.8845341205596924,9.786736488342285,2.797823667526245
4,UNet,1000026,9.004411697387695,1.6520140171051025,3.4506068229675293,3.238818645477295,0.7019559741020203,1.4745301008224487,3.238818645477295,10.551660537719727,2.519080400466919
4,UNet,1000041,7.811605930328369,0.9296139478683472,3.032731533050537,2.448509693145752,0.6453661918640137,1.409732460975647,2.448509693145752,6.8436689376831055,1.8798854351043701
4,UNet,1000071,8.337183952331543,1.1844141483306885,5.006306171417236,3.0293054580688477,0.5401229858398438,1.3799594640731812,3.0293054580688477,8.010579109191895,1.8954517841339111
4,UNet,1000107,5.4805803298950195,0.6627391576766968,3.064359664916992,2.4849019050598145,0.41694754362106323,1.020842432975769,2.4849019050598145,6.892844200134277,1.6441972255706787
4,UNet,1000153,9.000532150268555,1.1876707077026367,4.3934006690979,2.477691411972046,0.6937054395675659,1.4765493869781494,2.477691411972046,7.615785121917725,2.174795627593994
4,UNet,1000178,9.01694107055664,1.5856740474700928,3.534519672393799,3.6373023986816406,0.6429965496063232,1.7770500183105469,3.6373023986816406,10.726234436035156,2.5246822834014893
4,UNet,1000196,10.238813400268555,1.6085319519042969,4.580751419067383,4.015488147735596,0.803715705871582,1.9903955459594727,4.015488147735596,10.493827819824219,3.534656524658203
4,UNet,1000206,7.1385498046875,1.4401956796646118,5.225557804107666,3.146376848220825,0.4702071249485016,1.0926300287246704,3.146376848220825,10.614618301391602,2.438328742980957
4,UNet,1000264,5.179598331451416,0.696878969669342,2.886204481124878,2.4034810066223145,0.3508295714855194,1.168830156326294,2.4034810066223145,8.347742080688477,2.0255463123321533
4,UNet,1000292,8.621373176574707,2.3968114852905273,3.1440107822418213,3.900296449661255,0.7903756499290466,1.8550342321395874,3.900296449661255,9.150612831115723,2.6033735275268555
4,UNet,1000314,5.7018818855285645,0.760502278804779,3.59210205078125,2.359642505645752,0.4065181314945221,1.2451492547988892,2.359642505645752,7.522767066955566,2.443610668182373
4,UNet,1000323,14.323707580566406,1.438984990119934,6.612725734710693,4.158961772918701,0.6381402015686035,1.9556947946548462,4.158961772918701,9.5118989944458,2.054082155227661
4,UNet,1000344,10.918088912963867,1.9573999643325806,3.290994167327881,4.289412498474121,0.8462845683097839,2.051896572113037,4.289412498474121,9.866385459899902,2.7565982341766357
4,UNet,1000432,8.268527030944824,1.037933588027954,3.880763292312622,2.628748655319214,0.57396399974823,1.5126208066940308,2.628748655319214,6.92254114151001,2.1889443397521973
4,UNet,1000464,6.090721130371094,1.5715237855911255,4.197364807128906,3.346466064453125,0.8214572668075562,1.8852910995483398,3.346466064453125,11.192153930664062,3.035615921020508
4,UNet,1000538,8.871851921081543,1.626421332359314,6.1768951416015625,3.134343385696411,0.5724613666534424,1.663604974746704,3.134343385696411,9.179704666137695,2.0277273654937744
4,UNet,1000591,9.422224044799805,1.9992477893829346,7.642284393310547,4.2920823097229,0.9430229067802429,2.0879406929016113,4.2920823097229,10.431923866271973,2.431508779525757
4,UNet,1000697,7.486762046813965,0.5555559992790222,3.113523483276367,2.4654688835144043,0.3549496531486511,1.197547435760498,2.4654688835144043,7.374139308929443,1.8381271362304688
4,UNet,1000735,5.966458320617676,0.8978581428527832,4.193944454193115,2.4949698448181152,0.5251988172531128,1.1875892877578735,2.4949698448181152,9.017956733703613,1.8913795948028564
4,UNet,1000759,9.103075981140137,1.1429381370544434,6.697159767150879,3.105808734893799,1.0403984785079956,1.4388015270233154,3.105808734893799,6.916412353515625,2.3307881355285645
4,UNet,1000769,8.586934089660645,1.1341053247451782,5.779289245605469,2.9462039470672607,0.9749301671981812,1.5074447393417358,2.9462039470672607,7.374096870422363,2.3507025241851807
4,UNet,1000891,6.826655387878418,1.388733148574829,3.248013734817505,2.1824698448181152,0.678548276424408,1.2929421663284302,2.1824698448181152,6.576003074645996,2.5179672241210938
4,UNet,1000899,9.224950790405273,1.7675749063491821,3.757281541824341,4.335939407348633,1.2005388736724854,2.1224796772003174,4.335939407348633,11.294306755065918,3.4247028827667236
4,UNet,1001064,7.703580379486084,1.0615969896316528,6.496265411376953,3.356685161590576,0.5783664584159851,1.65566885471344,3.356685161590576,8.129647254943848,2.5894107818603516
4,UNet,1001090,7.626079559326172,1.8844051361083984,6.729862213134766,3.306919813156128,1.1049919128417969,1.7259159088134766,3.306919813156128,12.043499946594238,3.2596397399902344
4,UNet,1001096,5.809634685516357,1.0111058950424194,2.999074935913086,2.1855692863464355,0.5436798334121704,0.9793844223022461,2.1855692863464355,5.849998950958252,1.7482331991195679
4,UNet,1001104,6.390923023223877,0.8235203623771667,5.185091972351074,2.317086935043335,0.3695434033870697,1.2152752876281738,2.317086935043335,5.910632610321045,1.69386887550354
4,UNet,1001119,6.43311071395874,1.101119041442871,3.971705675125122,3.1185531616210938,0.7496346235275269,1.4267289638519287,3.1185531616210938,9.987527847290039,2.2513251304626465
4,UNet,1001140,5.831904411315918,1.6039350032806396,2.5823464393615723,2.9834952354431152,0.7095478773117065,1.3379676342010498,2.9834952354431152,7.964298248291016,2.43768310546875
4,UNet,1001144,7.084924221038818,1.3361958265304565,6.758026123046875,3.1617374420166016,0.6875416040420532,1.7441682815551758,3.1617374420166016,9.021061897277832,2.218363046646118
4,UNet,1001159,6.626692295074463,2.5486276149749756,3.2000129222869873,3.3575351238250732,0.9834346771240234,1.8643405437469482,3.3575351238250732,11.545816421508789,3.5905680656433105
4,UNet,1001168,6.289158821105957,0.8652194738388062,4.216232776641846,2.3692128658294678,0.4008150100708008,0.8845065832138062,2.3692128658294678,5.971392631530762,1.9540393352508545
4,UNet,1001170,7.432285308837891,0.870649516582489,3.6776785850524902,2.38122820854187,0.4578190743923187,1.2727843523025513,2.38122820854187,7.557255744934082,2.01220703125
4,UNet,1001184,6.2270026206970215,0.9916616678237915,3.6266212463378906,3.026790142059326,0.540282130241394,1.5873571634292603,3.026790142059326,8.707897186279297,2.384726047515869
4,UNet,1001275,7.465437889099121,2.740856409072876,3.7360024452209473,3.8172881603240967,1.035831093788147,2.377188205718994,3.8172881603240967,10.994202613830566,3.148778200149536
4,UNet,1001381,6.264418601989746,0.887106716632843,2.825854778289795,3.1881349086761475,0.651071310043335,1.8225679397583008,3.1881349086761475,10.056496620178223,2.5202207565307617
4,UNet,1001651,6.346022605895996,1.6549478769302368,7.374867916107178,3.06770396232605,0.7176476716995239,1.6974093914031982,3.06770396232605,9.372796058654785,1.8075191974639893
4,UNet,1001655,6.231027126312256,1.3402795791625977,3.9481041431427,2.540755033493042,0.6779783368110657,1.3577392101287842,2.540755033493042,9.399724006652832,2.219362735748291
4,UNet,1001687,6.140317440032959,0.9134825468063354,3.3269379138946533,2.4894275665283203,0.706879198551178,1.4364149570465088,2.4894275665283203,7.760466575622559,1.9274561405181885
4,UNet,1001759,6.7178955078125,1.123720645904541,4.220249176025391,2.9972057342529297,0.9042333364486694,1.5584604740142822,2.9972057342529297,7.787670135498047,2.6033143997192383
4,UNet,1001763,7.981103420257568,1.3129175901412964,4.419089317321777,3.6279876232147217,0.8676100969314575,1.9778369665145874,3.6279876232147217,10.285135269165039,2.8129773139953613
4,UNet,1001798,7.436013698577881,2.717405319213867,3.2570176124572754,3.5834457874298096,0.8021020889282227,1.991113305091858,3.5834457874298096,9.792362213134766,2.552349328994751
4,UNet,1001850,7.152346134185791,1.4921191930770874,5.236062526702881,3.6076667308807373,0.7598694562911987,1.5495460033416748,3.6076667308807373,10.265828132629395,2.547873020172119
4,UNet,1001851,5.155683517456055,2.0891261100769043,5.450494289398193,3.267582416534424,1.2211613655090332,1.9094575643539429,3.267582416534424,10.288191795349121,2.228299617767334
4,UNet,1001938,11.429594039916992,1.918548583984375,4.865236759185791,3.480396270751953,1.0949809551239014,1.7216408252716064,3.480396270751953,11.023333549499512,2.957149028778076
4,UNet,1001959,7.596331596374512,1.7438099384307861,2.326429843902588,2.8449058532714844,0.6111449003219604,1.1967387199401855,2.8449058532714844,9.501504898071289,2.7831146717071533
4,UNet,1001995,6.614047050476074,1.152195692062378,5.545083522796631,2.8474366664886475,0.7236523628234863,1.4590580463409424,2.8474366664886475,7.440164089202881,2.493004322052002
4,UNet,1001997,10.274459838867188,2.217475175857544,3.45084810256958,3.9387340545654297,0.9908089637756348,1.5785114765167236,3.9387340545654297,9.935382843017578,2.521641731262207
4,UNet,1002007,5.489641189575195,1.62788987159729,5.860197067260742,3.134756326675415,0.7653864622116089,1.4768072366714478,3.134756326675415,9.428486824035645,2.353543281555176
4,UNet,1002035,6.682555198669434,0.6481180787086487,3.12109637260437,2.4348859786987305,0.3598262369632721,1.2130882740020752,2.4348859786987305,6.5302414894104,1.8570287227630615
4,UNet,1002274,6.497857570648193,1.1455575227737427,4.997628688812256,2.869925022125244,0.6669068932533264,1.5370872020721436,2.869925022125244,11.493291854858398,2.267782688140869
4,UNet,1002351,7.364554405212402,1.3847616910934448,6.068675518035889,3.91489839553833,0.9047120809555054,1.9774830341339111,3.91489839553833,10.879112243652344,2.674772262573242
4,UNet,1002380,9.751596450805664,1.7354328632354736,3.730837345123291,3.808764696121216,0.7291762232780457,1.5708277225494385,3.808764696121216,10.927024841308594,2.4793529510498047
4,UNet,1002382,7.7316741943359375,0.6648625731468201,1.8329814672470093,1.9286073446273804,0.3811946511268616,1.0392827987670898,1.9286073446273804,6.148218631744385,1.8232145309448242
4,UNet,1002412,6.553863525390625,1.8885633945465088,2.7571449279785156,3.6955344676971436,0.7863864898681641,1.810302972793579,3.6955344676971436,11.085725784301758,2.827932834625244
4,UNet,1002417,10.924019813537598,0.9235204458236694,3.065549612045288,3.032733678817749,0.8517716526985168,1.908597707748413,3.032733678817749,10.744502067565918,2.7390708923339844
4,UNet,1002451,11.188807487487793,1.7932603359222412,4.375701904296875,4.0546417236328125,0.9334737658500671,1.8077929019927979,4.0546417236328125,11.067192077636719,3.3098435401916504
4,UNet,1002515,12.3578462600708,2.2257936000823975,2.994353771209717,4.082039833068848,1.1489975452423096,1.9323413372039795,4.082039833068848,11.272703170776367,4.372872352600098
4,UNet,1002526,5.323507785797119,0.737928032875061,4.488989353179932,2.839674711227417,0.5183272361755371,1.2515233755111694,2.839674711227417,8.132967948913574,1.7450430393218994
4,UNet,1002538,6.967455863952637,1.3913933038711548,2.4002017974853516,3.2511279582977295,0.8204159736633301,1.7927589416503906,3.2511279582977295,11.125900268554688,2.8586983680725098
6,UNet,1000017,13.455568313598633,2.2986650466918945,4.765415668487549,4.8880205154418945,1.1085892915725708,2.2170374393463135,4.8880205154418945,11.809557914733887,3.452033519744873
6,UNet,1000026,11.160840034484863,2.259972095489502,6.673572540283203,4.279015064239502,0.9417719841003418,2.0415873527526855,4.279015064239502,12.167790412902832,2.965827465057373
6,UNet,1000041,9.540571212768555,1.3065518140792847,4.492232799530029,2.8689498901367188,0.6869968175888062,1.5837736129760742,2.8689498901367188,7.24945592880249,2.146329402923584
6,UNet,1000071,11.372153282165527,1.3324406147003174,6.031270980834961,3.573004961013794,0.7029185891151428,1.756109595298767,3.573004961013794,10.536015510559082,2.7677619457244873
6,UNet,1000107,7.746469020843506,0.8023982048034668,3.0914359092712402,2.8210926055908203,0.48765698075294495,1.1747201681137085,2.8210926055908203,7.334252834320068,1.9307470321655273
6,UNet,1000153,9.446942329406738,1.6347211599349976,5.35745096206665,2.949002981185913,0.7489768862724304,1.7083238363265991,2.949002981185913,8.704594612121582,2.7835440635681152
6,UNet,1000178,10.35539722442627,2.064293622970581,5.981965065002441,4.348826885223389,0.8599894642829895,2.3336472511291504,4.348826885223389,12.797761917114258,3.1223881244659424
6,UNet,1000196,15.041236877441406,2.2094995975494385,8.213970184326172,5.547451972961426,1.114574909210205,2.464684009552002,5.547451972961426,13.366786003112793,4.209826469421387
6,UNet,1000206,8.421492576599121,1.677828073501587,4.197680950164795,3.3021175861358643,0.6241049766540527,1.4280779361724854,3.3021175861358643,12.01098918914795,2.746560573577881
6,UNet,1000264,6.79416036605835,0.9361459016799927,3.9373130798339844,2.7653908729553223,0.3392222225666046,1.2257030010223389,2.7653908729553223,8.09886360168457,2.0835747718811035
6,UNet,1000292,11.084684371948242,2.6758151054382324,6.45315408706665,4.383277416229248,1.1241358518600464,2.226466655731201,4.383277416229248,10.687355041503906,2.943432569503784
6,UNet,1000314,7.584670066833496,0.9194902181625366,5.0213823318481445,3.004615545272827,0.4027191996574402,1.5179476737976074,3.004615545272827,8.908854484558105,2.61216402053833
6,UNet,1000323,14.211587905883789,1.7437978982925415,6.049139976501465,4.517832279205322,0.9897993206977844,2.2713775634765625,4.517832279205322,11.877674102783203,3.005340814590454
6,UNet,1000344,11.381143569946289,2.2169461250305176,4.676281929016113,4.371556282043457,0.917499840259552,2.3390986919403076,4.371556282043457,11.667860984802246,3.014594554901123
6,UNet,1000432,9.46211051940918,1.443016767501831,5.014079570770264,2.9114670753479004,0.8742445111274719,1.7366561889648438,2.9114670753479004,7.224661350250244,2.4005954265594482
6,UNet,1000464,11.460533142089844,2.86647367477417,10.82336139678955,6.163826942443848,1.259179711341858,2.86932373046875,6.163826942443848,14.50562572479248,4.01102876663208
6,UNet,1000538,10.80456829071045,1.9453843832015991,8.400659561157227,3.5934340953826904,0.6825886964797974,1.9114433526992798,3.5934340953826904,10.884593963623047,2.1570212841033936
6,UNet,1000591,8.586621284484863,1.8757398128509521,9.518845558166504,3.794652223587036,0.9628607034683228,2.143812656402588,3.794652223587036,10.286897659301758,2.1003689765930176
6,UNet,1000697,7.558077812194824,0.6423311233520508,2.111211061477661,2.7989017963409424,0.48740822076797485,1.4248690605163574,2.7989017963409424,7.702940940856934,2.077615737915039
6,UNet,1000735,6.633947849273682,1.0471651554107666,4.559068202972412,2.7094719409942627,0.4635467529296875,1.3512088060379028,2.7094719409942627,9.490962982177734,2.1029164791107178
6,UNet,1000759,12.858738899230957,1.507227897644043,5.107570648193359,3.363257884979248,1.0553473234176636,1.5728557109832764,3.363257884979248,7.6218438148498535,2.7900757789611816
6,UNet,1000769,12.086671829223633,1.5571670532226562,5.481942653656006,3.3717613220214844,1.0488876104354858,1.685808777809143,3.3717613220214844,7.903478145599365,2.7940268516540527
6,UNet,1000891,7.7271833419799805,2.06288480758667,5.971217632293701,3.1228621006011963,0.964423656463623,2.0732319355010986,3.1228621006011963,8.453978538513184,3.1571147441864014
6,UNet,1000899,10.731958389282227,2.6521332263946533,7.574485778808594,6.089450836181641,1.9139740467071533,3.0654959678649902,6.089450836181641,14.317028999328613,4.647067070007324
6,UNet,1001064,8.274409294128418,1.26439368724823,6.537084102630615,3.141887903213501,0.8491438627243042,1.873267412185669,3.141887903213501,8.289342880249023,2.8925116062164307
6,UNet,1001090,7.265982151031494,2.231243848800659,8.251264572143555,3.9591128826141357,1.6038081645965576,2.2849133014678955,3.9591128826141357,13.101534843444824,3.066044330596924
6,UNet,1001096,8.397123336791992,1.2989717721939087,3.148129940032959,2.8199679851531982,0.7936041355133057,1.3417437076568604,2.8199679851531982,8.011344909667969,2.3129305839538574
6,UNet,1001104,6.729612827301025,1.1414991617202759,5.7437052726745605,2.627467632293701,0.4830143451690674,1.5326422452926636,2.627467632293701,6.401522636413574,2.0174641609191895
6,UNet,1001119,11.484926223754883,1.4080538749694824,5.447244644165039,4.974200248718262,0.8096858263015747,1.9880907535552979,4.974200248718262,13.369401931762695,2.9149303436279297
6,UNet,1001140,7.442629814147949,2.1166815757751465,4.131040096282959,3.6991817951202393,1.1589010953903198,1.908055067062378,3.6991817951202393,10.61404037475586,3.291660785675049
6,UNet,1001144,9.42240047454834,1.5436502695083618,7.310243129730225,3.9636473655700684,0.8182426691055298,1.9883419275283813,3.9636473655700684,10.718354225158691,2.5027992725372314
6,UNet,1001159,9.824810981750488,3.6272149085998535,5.67178201675415,4.635563850402832,1.2666656970977783,2.40962553024292,4.635563850402832,14.872822761535645,4.108839511871338
6,UNet,1001168,6.887394905090332,1.0332114696502686,3.1818790435791016,2.134434700012207,0.48927682638168335,0.9625047445297241,2.134434700012207,6.909775733947754,2.186028003692627
6,UNet,1001170,9.108384132385254,1.2444639205932617,4.806431770324707,2.9501423835754395,0.5098916292190552,1.4880768060684204,2.9501423835754395,8.549551010131836,2.464967966079712
6,UNet,1001184,6.757267951965332,1.2070338726043701,4.561890602111816,3.336268186569214,0.5991486310958862,1.6116578578948975,3.336268186569214,8.991483688354492,2.601170778274536
6,UNet,1001275,9.49666976928711,3.341460704803467,5.927803039550781,4.55771017074585,1.2555595636367798,2.837925910949707,4.55771017074585,13.393437385559082,3.6375298500061035
6,UNet,1001381,10.008148193359375,1.0537632703781128,4.3378801345825195,4.02448844909668,0.8030983209609985,2.1181862354278564,4.02448844909668,12.116205215454102,3.2885470390319824
6,UNet,1001651,10.505179405212402,2.3074121475219727,7.976777076721191,4.060819149017334,1.0313756465911865,2.0498878955841064,4.060819149017334,11.39757251739502,2.09541392326355
6,UNet,1001655,8.016172409057617,1.757416009902954,6.586966037750244,3.553539752960205,0.9476000666618347,1.9075896739959717,3.553539752960205,11.417106628417969,2.87581205368042
6,UNet,1001687,7.759310722351074,1.2058345079421997,5.672922134399414,2.915778398513794,0.7607705593109131,1.7818176746368408,2.915778398513794,8.85533618927002,2.4205727577209473
6,UNet,1001759,12.464584350585938,1.4770816564559937,5.277957439422607,3.691941738128662,0.9001369476318359,1.8870528936386108,3.691941738128662,9.347087860107422,2.9767463207244873
6,UNet,1001763,9.982743263244629,1.6787952184677124,6.346180438995361,4.631828784942627,1.0727989673614502,2.304243803024292,4.631828784942627,13.556172370910645,3.298171281814575
6,UNet,1001798,9.38117504119873,3.0349743366241455,6.250975131988525,4.099499702453613,1.0180342197418213,2.455645799636841,4.099499702453613,11.394890785217285,3.0763723850250244
6,UNet,1001850,7.099501609802246,1.875523328781128,7.85360860824585,3.9414219856262207,0.9333504438400269,2.0467495918273926,3.9414219856262207,11.076950073242188,2.4674336910247803
6,UNet,1001851,7.581625938415527,2.432109832763672,10.051788330078125,4.348085403442383,1.294735312461853,2.7649872303009033,4.348085403442383,13.01594352722168,2.8406434059143066
6,UNet,1001938,15.97320556640625,2.5197596549987793,7.719249725341797,4.8988518714904785,1.4717215299606323,2.2285313606262207,4.8988518714904785,12.910560607910156,3.833003282546997
6,UNet,1001959,9.71200942993164,2.168471097946167,3.3444385528564453,3.366126537322998,0.754446268081665,1.6919628381729126,3.366126537322998,10.667181968688965,3.100973606109619
6,UNet,1001995,9.611021041870117,1.6508464813232422,6.474758148193359,3.4899535179138184,1.1536648273468018,2.0252175331115723,3.4899535179138184,10.671320915222168,3.3347065448760986
6,UNet,1001997,12.929641723632812,2.864999294281006,5.869117736816406,4.941692352294922,1.1366941928863525,2.1281871795654297,4.941692352294922,13.215505599975586,3.3809680938720703
6,UNet,1002007,7.3570146560668945,2.064028263092041,6.834486961364746,3.4262325763702393,0.8658337593078613,1.8716808557510376,3.4262325763702393,10.856130599975586,2.817905902862549
6,UNet,1002035,7.822634696960449,0.9359633326530457,4.0222578048706055,2.674192428588867,0.47254475951194763,1.3712751865386963,2.674192428588867,7.408143520355225,2.0765416622161865
6,UNet,1002274,9.822976112365723,1.4536359310150146,6.647279262542725,3.845444440841675,0.7128121852874756,1.870168685913086,3.845444440841675,12.706430435180664,2.4938061237335205
6,UNet,1002351,7.9794816970825195,1.4812005758285522,4.822524547576904,3.4666354656219482,1.0618091821670532,1.867661476135254,3.4666354656219482,10.160523414611816,3.1530661582946777
6,UNet,1002380,12.047856330871582,2.1986312866210938,6.212741374969482,4.697020530700684,0.8793587684631348,1.9853277206420898,4.697020530700684,12.456500053405762,3.0031702518463135
6,UNet,1002382,9.787928581237793,0.9670863151550293,3.1030070781707764,2.2879228591918945,0.4669662415981293,1.3884782791137695,2.2879228591918945,6.700736999511719,2.0447824001312256
6,UNet,1002412,9.456140518188477,2.5102624893188477,5.009101390838623,4.4924116134643555,1.1234182119369507,2.5057849884033203,4.4924116134643555,13.106521606445312,3.781978130340576
6,UNet,1002417,10.239563941955566,1.4400967359542847,6.147596836090088,4.654898643493652,0.9422459602355957,2.2498257160186768,4.654898643493652,11.325876235961914,3.0454812049865723
6,UNet,1002451,12.103995323181152,2.2759315967559814,6.4768242835998535,4.949830055236816,1.1418876647949219,2.3038628101348877,4.949830055236816,13.77366828918457,4.266973495483398
6,UNet,1002515,18.79209327697754,3.4655921459198,4.770114898681641,5.786468029022217,1.8413816690444946,2.778773784637451,5.786468029022217,14.572514533996582,5.660995960235596
6,UNet,1002526,5.778782367706299,0.7795403003692627,4.155221462249756,2.8210530281066895,0.5695828199386597,1.3168002367019653,2.8210530281066895,9.134055137634277,2.3190581798553467
6,UNet,1002538,10.908411026000977,2.034743547439575,3.5773041248321533,4.366639614105225,1.2661535739898682,2.4201407432556152,4.366639614105225,13.569524765014648,3.750991106033325
2,Unrolled,1000017,2.3824751377105713,0.31701338291168213,0.47010794281959534,1.0836560726165771,0.15966404974460602,0.45339035987854004,1.0836560726165771,3.0808768272399902,0.9002212285995483
2,Unrolled,1000026,1.9573396444320679,0.29853665828704834,0.507022500038147,0.8735226392745972,0.1386498510837555,0.4447177052497864,0.8735226392745972,3.2976627349853516,0.8910374641418457
2,Unrolled,1000041,1.3642059564590454,0.1280595362186432,0.6576101779937744,0.30294427275657654,0.07259613275527954,0.19515956938266754,0.30294427275657654,0.8180996775627136,0.26035091280937195
2,Unrolled,1000071,1.5451990365982056,0.15600016713142395,1.1287046670913696,0.3886792063713074,0.052799224853515625,0.2544887661933899,0.3886792063713074,1.3795394897460938,0.3164794445037842
2,Unrolled,1000107,0.9886569976806641,0.08338183909654617,0.31624579429626465,0.27896955609321594,0.04301002249121666,0.15529415011405945,0.27896955609321594,0.775506854057312,0.2322886884212494
2,Unrolled,1000153,1.680938959121704,0.136736661195755,0.6898370385169983,0.28201889991760254,0.08657561242580414,0.19345466792583466,0.28201889991760254,0.9237458109855652,0.2827853858470917
2,Unrolled,1000178,1.8526045083999634,0.2878058850765228,0.4434341788291931,0.9055767059326172,0.12893471121788025,0.4127299189567566,0.9055767059326172,2.922435998916626,0.7964168787002563
2,Unrolled,1000196,1.6281276941299438,0.2122909128665924,0.5398154854774475,0.6259294748306274,0.12174130976200104,0.3365704119205475,0.6259294748306274,2.509695529937744,0.9335193634033203
2,Unrolled,1000206,1.494280457496643,0.22844450175762177,0.5197869539260864,0.6372395753860474,0.09322156012058258,0.2595091164112091,0.6372395753860474,3.212606906890869,0.7453271150588989
2,Unrolled,1000264,1.126240849494934,0.1665877401828766,0.5030620694160461,0.5803076028823853,0.06046019122004509,0.28739243745803833,0.5803076028823853,2.12221097946167,0.42403554916381836
2,Unrolled,1000292,2.044401168823242,0.42658162117004395,0.5342236161231995,1.0175795555114746,0.17789049446582794,0.48241686820983887,1.0175795555114746,3.3736000061035156,0.7986963391304016
2,Unrolled,1000314,0.794319748878479,0.0902368575334549,0.4461110234260559,0.29288142919540405,0.04811510816216469,0.1736139953136444,0.29288142919540405,1.2085946798324585,0.2783525884151459
2,Unrolled,1000323,0.9416629672050476,0.09578431397676468,0.4037597179412842,0.2411668300628662,0.04464956000447273,0.20249009132385254,0.2411668300628662,1.3711751699447632,0.3250400424003601
2,Unrolled,1000344,2.0740208625793457,0.2910093367099762,0.4671613574028015,0.9236825704574585,0.13143862783908844,0.38861700892448425,0.9236825704574585,2.799680233001709,0.8383262753486633
2,Unrolled,1000432,1.4792256355285645,0.15654227137565613,0.5174639821052551,0.3061216473579407,0.08374613523483276,0.1989332139492035,0.3061216473579407,0.9623727798461914,0.3126789629459381
2,Unrolled,1000464,1.3246617317199707,0.1576760858297348,0.7397502660751343,0.5423399209976196,0.10828270018100739,0.2757297158241272,0.5423399209976196,1.9897794723510742,0.5356760025024414
2,Unrolled,1000538,1.4095062017440796,0.2933957874774933,0.7414107322692871,0.7917280197143555,0.10710151493549347,0.41015225648880005,0.7917280197143555,2.5004360675811768,0.5420011281967163
2,Unrolled,1000591,1.4423608779907227,0.23208633065223694,0.7155255079269409,0.6887782216072083,0.1008358746767044,0.28555580973625183,0.6887782216072083,2.1713497638702393,0.4502055048942566
2,Unrolled,1000697,1.0408549308776855,0.0521952323615551,0.22273412346839905,0.19837653636932373,0.023932643234729767,0.15125492215156555,0.19837653636932373,0.6260336637496948,0.17372815310955048
2,Unrolled,1000735,0.8005682229995728,0.09759879857301712,0.4096832275390625,0.3100588023662567,0.05078330636024475,0.18429037928581238,0.3100588023662567,1.1825053691864014,0.277172327041626
2,Unrolled,1000759,1.1831448078155518,0.09333734214305878,0.4058523178100586,0.20957310497760773,0.06610129028558731,0.15654216706752777,0.20957310497760773,0.6751230955123901,0.1991921216249466
2,Unrolled,1000769,1.116344690322876,0.09714236110448837,0.6438812613487244,0.22530536353588104,0.07159928232431412,0.16757389903068542,0.22530536353588104,0.685090184211731,0.2075667828321457
2,Unrolled,1000891,1.2947371006011963,0.15922461450099945,0.5197858810424805,0.26344364881515503,0.07427046447992325,0.21925930678844452,0.26344364881515503,1.0269200801849365,0.34727218747138977
2,Unrolled,1000899,1.3851826190948486,0.23714618384838104,0.4504413604736328,0.7268359661102295,0.1522095948457718,0.3374750018119812,0.7268359661102295,2.4472951889038086,0.7246168255805969
2,Unrolled,1001064,1.1864144802093506,0.11064497381448746,0.49658721685409546,0.21667933464050293,0.0367419496178627,0.1631697714328766,0.21667933464050293,0.6216620802879333,0.22913765907287598
2,Unrolled,1001090,1.4546687602996826,0.2667556405067444,1.1087381839752197,0.4766823351383209,0.08328866958618164,0.2494376003742218,0.4766823351383209,2.126176357269287,0.411185085773468
2,Unrolled,1001096,1.2589313983917236,0.1498301774263382,0.41745010018348694,0.3319619297981262,0.06007774919271469,0.16028454899787903,0.3319619297981262,0.9860607981681824,0.29929736256599426
2,Unrolled,1001104,0.8959901928901672,0.09717793762683868,0.7292627096176147,0.2674846649169922,0.04132506623864174,0.15914413332939148,0.2674846649169922,0.7937647104263306,0.23555341362953186
2,Unrolled,1001119,2.219855785369873,0.24526409804821014,0.7903559803962708,0.7904160618782043,0.10191033780574799,0.35027825832366943,0.7904160618782043,2.5523762702941895,0.670428991317749
2,Unrolled,1001140,1.564941644668579,0.2566222846508026,0.4021839201450348,0.7154824733734131,0.10160231590270996,0.3240799307823181,0.7154824733734131,2.398486375808716,0.8818494081497192
2,Unrolled,1001144,1.585443139076233,0.20981211960315704,0.9500622749328613,0.582791805267334,0.08797164261341095,0.31358784437179565,0.582791805267334,2.2627570629119873,0.5235490202903748
2,Unrolled,1001159,1.8230056762695312,0.5961567759513855,0.6887094378471375,1.1051831245422363,0.26243793964385986,0.6433613896369934,1.1051831245422363,4.85183572769165,1.5984055995941162
2,Unrolled,1001168,0.8609509468078613,0.0988234430551529,0.5869170427322388,0.3041994869709015,0.05177522823214531,0.15513554215431213,0.3041994869709015,1.0012118816375732,0.24456997215747833
2,Unrolled,1001170,1.1188697814941406,0.10385050624608994,0.3559388518333435,0.2080332487821579,0.04361686855554581,0.14725962281227112,0.2080332487821579,0.5600609183311462,0.14741425216197968
2,Unrolled,1001184,0.9890782237052917,0.08160306513309479,0.47909560799598694,0.26023340225219727,0.030857037752866745,0.16458792984485626,0.26023340225219727,0.7717702984809875,0.203573077917099
2,Unrolled,1001275,1.708285927772522,0.44270095229148865,0.5429971218109131,0.948992908000946,0.23078277707099915,0.5450209975242615,0.948992908000946,3.7996909618377686,1.0817667245864868
2,Unrolled,1001381,1.2365225553512573,0.12438906729221344,0.6767603158950806,0.38237833976745605,0.07921028882265091,0.25234606862068176,0.38237833976745605,1.2022136449813843,0.3336312472820282
2,Unrolled,1001651,1.185943841934204,0.2726684510707855,1.212540626525879,0.5764298439025879,0.08688709884881973,0.3293491005897522,0.5764298439025879,2.18896484375,0.4305712580680847
2,Unrolled,1001655,1.044894814491272,0.14008748531341553,0.7867789268493652,0.44590282440185547,0.06569893658161163,0.2105240374803543,0.44590282440185547,2.0973000526428223,0.39115476608276367
2,Unrolled,1001687,1.2212413549423218,0.15459632873535156,0.883047878742218,0.36774498224258423,0.06794245541095734,0.22206592559814453,0.36774498224258423,1.2176581621170044,0.300943523645401
2,Unrolled,1001759,1.2660167217254639,0.1385991871356964,0.7076444029808044,0.23711976408958435,0.07566194981336594,0.18205413222312927,0.23711976408958435,0.6388317346572876,0.27162498235702515
2,Unrolled,1001763,0.9344638586044312,0.11475948244333267,0.7079050540924072,0.4036127030849457,0.058070845901966095,0.22350776195526123,0.4036127030849457,1.2533208131790161,0.2807130217552185
2,Unrolled,1001798,1.5496166944503784,0.42531800270080566,0.5710130333900452,0.9454813003540039,0.18677698075771332,0.4973122477531433,0.9454813003540039,3.8078951835632324,0.8286852836608887
2,Unrolled,1001850,1.243168830871582,0.218565434217453,0.4672399163246155,0.6947701573371887,0.1093338131904602,0.31100720167160034,0.6947701573371887,2.2411491870880127,0.4379122853279114
2,Unrolled,1001851,1.1856038570404053,0.2873768210411072,0.6096240878105164,0.532758891582489,0.12016601860523224,0.35254788398742676,0.532758891582489,2.3312344551086426,0.5194715261459351
2,Unrolled,1001938,1.4417011737823486,0.205762580037117,0.39912882447242737,0.563473105430603,0.10481967031955719,0.292258083820343,0.563473105430603,2.6837127208709717,0.6069192886352539
2,Unrolled,1001959,1.624850869178772,0.20425429940223694,0.38617464900016785,0.6542757153511047,0.09270092844963074,0.2857542037963867,0.6542757153511047,2.7692952156066895,0.8576324582099915
2,Unrolled,1001995,1.0810272693634033,0.14721113443374634,0.6069062948226929,0.31762686371803284,0.05720032379031181,0.19485005736351013,0.31762686371803284,1.173789381980896,0.30274420976638794
2,Unrolled,1001997,2.313930034637451,0.39856472611427307,0.6354376077651978,1.0904810428619385,0.19859950244426727,0.4883871078491211,1.0904810428619385,3.141289472579956,0.9258882403373718
2,Unrolled,1002007,1.2166500091552734,0.2213447093963623,0.6071995496749878,0.5556389093399048,0.09116864204406738,0.27661970257759094,0.5556389093399048,2.153604030609131,0.48756393790245056
2,Unrolled,1002035,1.580230474472046,0.12335246801376343,0.7860309481620789,0.3215240240097046,0.05107380822300911,0.1988464593887329,0.3215240240097046,0.873526394367218,0.2236420214176178
2,Unrolled,1002274,0.9636030197143555,0.1636679470539093,1.1307637691497803,0.3908631205558777,0.07521122694015503,0.26638633012771606,0.3908631205558777,1.844117522239685,0.3779664635658264
2,Unrolled,1002351,0.8365171551704407,0.10338437557220459,0.5117930173873901,0.3388177156448364,0.07885969430208206,0.19254380464553833,0.3388177156448364,1.0593862533569336,0.30982768535614014
2,Unrolled,1002380,2.075003147125244,0.3698248863220215,0.6199285387992859,1.209846019744873,0.18851149082183838,0.5323507189750671,1.209846019744873,3.6577086448669434,0.8959576487541199
2,Unrolled,1002382,0.9836031198501587,0.08376984298229218,0.23923444747924805,0.17082145810127258,0.036453478038311005,0.12804155051708221,0.17082145810127258,0.578431248664856,0.1764286756515503
2,Unrolled,1002412,1.6748319864273071,0.3549817204475403,0.3989044427871704,0.885471522808075,0.14661794900894165,0.41558998823165894,0.885471522808075,3.0512542724609375,0.7955330014228821
2,Unrolled,1002417,3.0910067558288574,0.2617480754852295,2.093751907348633,1.3872740268707275,0.2950122356414795,0.5057443380355835,1.3872740268707275,2.9700450897216797,0.8349758982658386
2,Unrolled,1002451,1.6419662237167358,0.21196308732032776,0.42874598503112793,0.6678385138511658,0.14620563387870789,0.32368603348731995,0.6678385138511658,2.340066432952881,0.7681406140327454
2,Unrolled,1002515,1.877982497215271,0.23529860377311707,0.44237810373306274,0.847569465637207,0.17459546029567719,0.41524606943130493,0.847569465637207,2.9548139572143555,1.3995542526245117
2,Unrolled,1002526,0.9172009229660034,0.09120150655508041,0.43315982818603516,0.23472139239311218,0.04266547039151192,0.16677939891815186,0.23472139239311218,1.0351217985153198,0.2339201271533966
2,Unrolled,1002538,1.6157677173614502,0.2541245222091675,0.4266319274902344,0.7491814494132996,0.12500198185443878,0.4297249913215637,0.7491814494132996,2.955291748046875,0.9862254858016968
4,Unrolled,1000017,7.502050876617432,1.0543012619018555,1.6260963678359985,2.792595624923706,0.4820370674133301,1.192525863647461,2.792595624923706,6.4830193519592285,1.8919204473495483
4,Unrolled,1000026,6.167677879333496,1.0724635124206543,2.0963492393493652,2.240025758743286,0.40473493933677673,0.9867897033691406,2.240025758743286,7.0719895362854,1.8230339288711548
4,Unrolled,1000041,4.852114677429199,0.5318447351455688,1.964104413986206,1.0672683715820312,0.2509375810623169,0.6670260429382324,1.0672683715820312,3.235954761505127,0.9797484278678894
4,Unrolled,1000071,5.35800313949585,0.5907856225967407,3.4183707237243652,1.3833471536636353,0.19912150502204895,0.792161762714386,1.3833471536636353,4.133435249328613,1.0108145475387573
4,Unrolled,1000107,3.636101484298706,0.318704217672348,1.2067288160324097,1.1596773862838745,0.15136072039604187,0.4732389450073242,1.1596773862838745,2.6853408813476562,0.8125960230827332
4,Unrolled,1000153,5.466329097747803,0.6080900430679321,2.382216453552246,1.1261417865753174,0.3702491223812103,0.6779158115386963,1.1261417865753174,3.045447587966919,0.9371326565742493
4,Unrolled,1000178,5.879730224609375,0.9076052904129028,1.8108503818511963,2.3151683807373047,0.42350053787231445,1.1520618200302124,2.3151683807373047,7.057373046875,1.7408647537231445
4,Unrolled,1000196,5.363169193267822,0.7644569277763367,2.4720780849456787,2.2497432231903076,0.4457802176475525,0.9853962063789368,2.2497432231903076,6.939166069030762,2.3366546630859375
4,Unrolled,1000206,4.099059581756592,0.7535597085952759,2.054293394088745,1.5301967859268188,0.24552731215953827,0.6727534532546997,1.5301967859268188,7.554722785949707,1.6137008666992188
4,Unrolled,1000264,3.019181728363037,0.45237112045288086,1.635629415512085,1.4579368829727173,0.14691735804080963,0.7009924054145813,1.4579368829727173,4.962335109710693,1.1216752529144287
4,Unrolled,1000292,6.548290252685547,1.312018871307373,1.5476123094558716,2.428596019744873,0.5700600743293762,1.081720232963562,2.428596019744873,6.768540382385254,1.693663239479065
4,Unrolled,1000314,3.057868480682373,0.32020679116249084,1.523748755455017,1.0312275886535645,0.1570458710193634,0.5561281442642212,1.0312275886535645,4.096334457397461,1.1692063808441162
4,Unrolled,1000323,3.0838475227355957,0.3947664201259613,1.1882336139678955,0.9775079488754272,0.1513814479112625,0.7308775186538696,0.9775079488754272,4.764157772064209,1.222522497177124
4,Unrolled,1000344,5.723060607910156,0.980755627155304,1.7792342901229858,2.190647602081299,0.4123629927635193,1.1173642873764038,2.190647602081299,6.620902061462402,1.8216367959976196
4,Unrolled,1000432,5.277966499328613,0.6496866941452026,2.324103355407715,1.214518427848816,0.30250808596611023,0.7097416520118713,1.214518427848816,3.5860869884490967,1.0768617391586304
4,Unrolled,1000464,4.233616828918457,0.6966333389282227,1.7441208362579346,1.751983404159546,0.4552439749240875,1.016357421875,1.751983404159546,5.89284610748291,1.7604316473007202
4,Unrolled,1000538,5.255230903625488,0.9689587354660034,3.83937406539917,1.9650475978851318,0.30882972478866577,1.0670595169067383,1.9650475978851318,6.220530033111572,1.2483657598495483
4,Unrolled,1000591,4.516796112060547,0.7949041128158569,4.744560241699219,1.9178197383880615,0.3716866970062256,0.9698010683059692,1.9178197383880615,5.660880088806152,1.1543939113616943
4,Unrolled,1000697,2.8419039249420166,0.19142749905586243,0.9375728368759155,0.7400892972946167,0.08303201198577881,0.4805886149406433,0.7400892972946167,2.1436893939971924,0.5498009920120239
4,Unrolled,1000735,2.7459514141082764,0.33907148241996765,1.6585712432861328,1.0485098361968994,0.18395552039146423,0.5681594610214233,1.0485098361968994,3.673323154449463,0.8236994743347168
4,Unrolled,1000759,4.637773513793945,0.4663453996181488,2.2218735218048096,1.0335488319396973,0.3884033262729645,0.6151431798934937,1.0335488319396973,2.859095335006714,0.8704574704170227
4,Unrolled,1000769,4.542487144470215,0.48384833335876465,2.4356462955474854,1.0251309871673584,0.42409682273864746,0.679730236530304,1.0251309871673584,3.0183939933776855,0.885052502155304
4,Unrolled,1000891,4.608264923095703,0.7046931385993958,1.95854914188385,0.9917436838150024,0.2861176133155823,0.7104523181915283,0.9917436838150024,3.002711772918701,1.0989229679107666
4,Unrolled,1000899,4.360014915466309,0.9759626388549805,2.172102451324463,2.573472499847412,0.6006360650062561,1.1817853450775146,2.573472499847412,7.272047519683838,2.0648670196533203
4,Unrolled,1001064,4.241333961486816,0.4842652380466461,3.5442917346954346,1.1286247968673706,0.17545345425605774,0.6612085103988647,1.1286247968673706,2.682065963745117,0.9227437973022461
4,Unrolled,1001090,4.154706001281738,0.7493318319320679,4.840538024902344,1.2695456743240356,0.2674039602279663,0.7266666293144226,1.2695456743240356,5.657254219055176,0.9851293563842773
4,Unrolled,1001096,4.0100932121276855,0.5811979174613953,1.6905667781829834,1.1143392324447632,0.2649182975292206,0.5444501638412476,1.1143392324447632,3.247756242752075,0.9914811849594116
4,Unrolled,1001104,3.2923855781555176,0.3603755533695221,3.183995485305786,0.9965135455131531,0.12836717069149017,0.5130645036697388,0.9965135455131531,2.4337687492370605,0.6815618276596069
4,Unrolled,1001119,6.1191229820251465,0.8229087591171265,3.9287242889404297,1.8508470058441162,0.29622501134872437,1.0272812843322754,1.8508470058441162,6.185929298400879,1.612754464149475
4,Unrolled,1001140,4.568190097808838,0.9677464365959167,1.7976127862930298,1.9862407445907593,0.37088197469711304,0.9422849416732788,1.9862407445907593,6.186332702636719,1.8565276861190796
4,Unrolled,1001144,5.230422019958496,0.7274103760719299,3.9553894996643066,1.6585935354232788,0.25505179166793823,0.8913068771362305,1.6585935354232788,5.443068504333496,1.2953869104385376
4,Unrolled,1001159,5.243396759033203,1.7518646717071533,1.7790371179580688,2.329895496368408,0.8072136640548706,1.257568597793579,2.329895496368408,9.012361526489258,2.961915969848633
4,Unrolled,1001168,2.4975779056549072,0.3594606816768646,1.7019420862197876,0.9031041264533997,0.17598256468772888,0.46350932121276855,0.9031041264533997,2.6407642364501953,0.830253005027771
4,Unrolled,1001170,3.566007614135742,0.4099343717098236,1.4570659399032593,0.9442638158798218,0.14419881999492645,0.5388926267623901,0.9442638158798218,2.5067198276519775,0.6339126825332642
4,Unrolled,1001184,3.4807376861572266,0.3807215690612793,1.9989168643951416,1.171356439590454,0.12932255864143372,0.6495823264122009,1.171356439590454,3.665771007537842,0.8419159054756165
4,Unrolled,1001275,5.186654567718506,1.507810115814209,1.7538106441497803,2.4139657020568848,0.7029303312301636,1.2718040943145752,2.4139657020568848,7.552406311035156,2.0995659828186035
4,Unrolled,1001381,4.090173244476318,0.4380258619785309,1.808479905128479,1.370503306388855,0.26112836599349976,0.8504165410995483,1.370503306388855,4.423930644989014,1.1486108303070068
4,Unrolled,1001651,4.062830924987793,0.8593159914016724,5.568772315979004,1.5518295764923096,0.32050594687461853,0.9705071449279785,1.5518295764923096,6.4183855056762695,1.1108545064926147
4,Unrolled,1001655,3.8133959770202637,0.5307410359382629,2.698866367340088,1.3019698858261108,0.25915318727493286,0.6950124502182007,1.3019698858261108,6.264948844909668,1.1322193145751953
4,Unrolled,1001687,4.2408246994018555,0.6231664419174194,3.1986091136932373,1.4159071445465088,0.28873592615127563,0.8176307678222656,1.4159071445465088,4.194053649902344,1.0833879709243774
4,Unrolled,1001759,3.9343459606170654,0.5778758525848389,2.7983269691467285,0.9405183792114258,0.25928980112075806,0.5901767015457153,0.9405183792114258,2.501615524291992,0.8230191469192505
4,Unrolled,1001763,3.1578831672668457,0.42305153608322144,2.274033784866333,1.5333688259124756,0.2350882589817047,0.7665400505065918,1.5333688259124756,4.566603660583496,1.078498125076294
4,Unrolled,1001798,4.869585990905762,1.421337366104126,1.6508209705352783,2.1499221324920654,0.5634534358978271,1.1855980157852173,2.1499221324920654,6.983541011810303,1.699930191040039
4,Unrolled,1001850,3.992858409881592,0.7794688940048218,2.7950239181518555,1.8177902698516846,0.34233230352401733,0.8865353465080261,1.8177902698516846,5.826972007751465,1.1778780221939087
4,Unrolled,1001851,4.209293365478516,0.9279532432556152,3.8787970542907715,1.5256989002227783,0.35962891578674316,1.0688791275024414,1.5256989002227783,5.875185012817383,1.2781814336776733
4,Unrolled,1001938,4.615170478820801,0.7739001512527466,2.5859878063201904,1.6846625804901123,0.4103732109069824,0.8661033511161804,1.6846625804901123,7.084733486175537,1.5468885898590088
4,Unrolled,1001959,4.602397918701172,0.8302817344665527,1.3447468280792236,1.6750001907348633,0.32268428802490234,0.7782929539680481,1.6750001907348633,6.488691806793213,1.860672950744629
4,Unrolled,1001995,4.162370204925537,0.6542338132858276,3.1416873931884766,1.3374061584472656,0.3025434613227844,0.7302000522613525,1.3374061584472656,4.014349937438965,1.0141502618789673
4,Unrolled,1001997,6.738106727600098,1.2506990432739258,1.830579400062561,2.594907283782959,0.5453283190727234,1.110215187072754,2.594907283782959,6.465237617492676,1.8805806636810303
4,Unrolled,1002007,3.5027694702148438,0.7975607514381409,2.9015355110168457,1.5148664712905884,0.3112456798553467,0.778948187828064,1.5148664712905884,5.2683000564575195,1.2987018823623657
4,Unrolled,1002035,5.1631574630737305,0.42902058362960815,2.4458842277526855,1.2796953916549683,0.1486428678035736,0.6992592811584473,1.2796953916549683,3.104296922683716,0.7572525143623352
4,Unrolled,1002274,3.2688827514648438,0.5499882698059082,3.187295436859131,1.4317691326141357,0.24389667809009552,0.7981505393981934,1.4317691326141357,5.914493083953857,1.3461452722549438
4,Unrolled,1002351,3.6867763996124268,0.5471399426460266,2.3836312294006348,1.5785528421401978,0.3817927837371826,0.7613554000854492,1.5785528421401978,4.569407939910889,1.2319506406784058
4,Unrolled,1002380,7.06158971786499,1.1438169479370117,1.8721892833709717,2.7564406394958496,0.5150938034057617,1.0734527111053467,2.7564406394958496,7.708418846130371,1.8283027410507202
4,Unrolled,1002382,3.489075183868408,0.33647021651268005,1.00889253616333,0.7222949266433716,0.13547664880752563,0.45515304803848267,0.7222949266433716,2.271833896636963,0.7223842144012451
4,Unrolled,1002412,4.859499454498291,1.2614645957946777,1.5027331113815308,2.3426170349121094,0.42913708090782166,1.1559405326843262,2.3426170349121094,7.245517730712891,1.6835534572601318
4,Unrolled,1002417,6.921794891357422,0.9828169941902161,3.581690549850464,3.350743532180786,1.0433406829833984,1.7613675594329834,3.350743532180786,7.932366371154785,2.5079827308654785
4,Unrolled,1002451,4.691788673400879,0.8877867460250854,2.4230220317840576,1.9651107788085938,0.5333606004714966,0.9669381380081177,1.9651107788085938,6.490450859069824,1.9161697626113892
4,Unrolled,1002515,5.482046604156494,0.8332785367965698,1.4930307865142822,2.4597322940826416,0.6271157264709473,1.073107361793518,2.4597322940826416,7.335282802581787,2.913733959197998
4,Unrolled,1002526,2.863602876663208,0.32361841201782227,2.1209311485290527,1.1486151218414307,0.14420679211616516,0.6453645825386047,1.1486151218414307,4.298123836517334,0.9323111772537231
4,Unrolled,1002538,5.2717390060424805,0.8334199786186218,1.2805664539337158,2.0820744037628174,0.36578816175460815,1.0756973028182983,2.0820744037628174,6.988230228424072,2.0061285495758057
6,Unrolled,1000017,12.030402183532715,2.0608296394348145,3.7882678508758545,4.556816101074219,0.9544578790664673,2.090682029724121,4.556816101074219,10.675505638122559,3.3358001708984375
6,Unrolled,1000026,9.252129554748535,1.8459758758544922,4.964747428894043,3.657802104949951,0.7320218086242676,1.6662349700927734,3.657802104949951,10.912615776062012,2.8078112602233887
6,Unrolled,1000041,8.7813138961792,1.200710654258728,4.254401683807373,2.5933823585510254,0.5613682270050049,1.287421464920044,2.5933823585510254,7.0030975341796875,2.494208812713623
6,Unrolled,1000071,9.042487144470215,1.329416036605835,6.301471710205078,3.3447184562683105,0.41788849234580994,1.4514245986938477,3.3447184562683105,8.833005905151367,2.2711076736450195
6,Unrolled,1000107,7.185995578765869,0.8250837326049805,3.0472686290740967,3.044665575027466,0.3682013154029846,1.0221716165542603,3.044665575027466,7.910548210144043,2.1697914600372314
6,Unrolled,1000153,9.774858474731445,1.4742646217346191,5.3616743087768555,2.9014885425567627,0.7852951288223267,1.4792572259902954,2.9014885425567627,8.470744132995605,2.760138511657715
6,Unrolled,1000178,8.735568046569824,1.5987099409103394,4.446861267089844,3.901719570159912,0.7091462016105652,1.9337085485458374,3.901719570159912,11.16944694519043,2.701528549194336
6,Unrolled,1000196,9.225618362426758,1.4549760818481445,5.896389007568359,4.5314130783081055,0.9211820363998413,2.043224573135376,4.5314130783081055,11.503335952758789,3.673030138015747
6,Unrolled,1000206,6.97995662689209,1.3483827114105225,4.384825706481934,2.853379487991333,0.4482671320438385,1.1854256391525269,2.853379487991333,11.330111503601074,2.7026524543762207
6,Unrolled,1000264,5.376725673675537,0.736638069152832,2.994255304336548,2.5346407890319824,0.3055383265018463,1.0832767486572266,2.5346407890319824,8.742898941040039,2.188079833984375
6,Unrolled,1000292,9.946197509765625,2.195734739303589,3.8634884357452393,3.8930392265319824,0.9008781313896179,1.8759634494781494,3.8930392265319824,10.043660163879395,2.7978177070617676
6,Unrolled,1000314,5.91024112701416,0.8262615203857422,2.732905626296997,2.4859721660614014,0.300653874874115,1.3219249248504639,2.4859721660614014,8.775836944580078,2.497929096221924
6,Unrolled,1000323,5.455568790435791,0.7745882272720337,2.0075206756591797,2.2637581825256348,0.40705013275146484,1.4918622970581055,2.2637581825256348,9.107019424438477,2.4263899326324463
6,Unrolled,1000344,8.391176223754883,1.7493903636932373,4.170865058898926,3.692396640777588,0.7018975019454956,1.940399169921875,3.692396640777588,10.830074310302734,2.9050071239471436
6,Unrolled,1000432,8.506609916687012,1.4970707893371582,4.679806232452393,2.8789849281311035,0.6683875918388367,1.5440070629119873,2.8789849281311035,7.78922176361084,2.5816636085510254
6,Unrolled,1000464,6.516933441162109,1.1576930284500122,2.6576168537139893,3.1020476818084717,0.7798675298690796,1.8350284099578857,3.1020476818084717,11.492448806762695,3.108816623687744
6,Unrolled,1000538,8.786105155944824,1.7766637802124023,7.968982696533203,3.518357038497925,0.5911520719528198,1.8885446786880493,3.518357038497925,10.947208404541016,2.2271745204925537
6,Unrolled,1000591,8.271833419799805,1.6375370025634766,8.944692611694336,3.5872795581817627,0.691980242729187,1.941480040550232,3.5872795581817627,10.843174934387207,2.229928493499756
6,Unrolled,1000697,5.3947858810424805,0.5207164287567139,1.8545955419540405,2.241222858428955,0.20504674315452576,1.0121231079101562,2.241222858428955,5.883144378662109,1.591819405555725
6,Unrolled,1000735,5.937919616699219,0.9196565747261047,3.7826790809631348,2.47056245803833,0.36043304204940796,1.171495795249939,2.47056245803833,8.684707641601562,1.9323657751083374
6,Unrolled,1000759,9.575387001037598,1.3032987117767334,7.341691493988037,3.376206159591675,0.9023092985153198,1.5078948736190796,3.376206159591675,7.236155033111572,2.3150908946990967
6,Unrolled,1000769,8.803389549255371,1.3091270923614502,7.2422308921813965,3.4031975269317627,0.929936408996582,1.5262126922607422,3.4031975269317627,7.7968854904174805,2.45719575881958
6,Unrolled,1000891,7.975696563720703,1.6072582006454468,4.473418235778809,2.773139715194702,0.7024813890457153,1.5369389057159424,2.773139715194702,7.192698001861572,2.7241220474243164
6,Unrolled,1000899,7.146488189697266,1.845703125,5.007139682769775,4.63580322265625,1.1696125268936157,2.2226576805114746,4.63580322265625,11.592803955078125,3.6511733531951904
6,Unrolled,1001064,7.898093223571777,1.1814851760864258,7.367552280426025,2.842175006866455,0.5480910539627075,1.612039566040039,2.842175006866455,7.650770664215088,2.5499207973480225
6,Unrolled,1001090,7.110919952392578,1.7096236944198608,7.559439182281494,2.8805766105651855,0.6927205324172974,1.5839251279830933,2.8805766105651855,11.325448989868164,2.2355544567108154
6,Unrolled,1001096,6.668615818023682,1.2829736471176147,3.40413236618042,2.6153926849365234,0.4539060592651367,1.0986562967300415,2.6153926849365234,7.034527778625488,2.1970596313476562
6,Unrolled,1001104,6.8912458419799805,1.0174105167388916,6.072112083435059,2.7633445262908936,0.36450842022895813,1.2678914070129395,2.7633445262908936,7.0106096267700195,2.0969135761260986
6,Unrolled,1001119,9.244794845581055,1.4800093173980713,6.509359836578369,3.612180233001709,0.46724414825439453,1.7128684520721436,3.612180233001709,9.918327331542969,2.5627593994140625
6,Unrolled,1001140,7.191103458404541,1.8521515130996704,3.479388475418091,3.3729794025421143,0.655815064907074,1.7436866760253906,3.3729794025421143,9.691876411437988,2.754274845123291
6,Unrolled,1001144,7.654687404632568,1.3786485195159912,7.070802211761475,3.5766918659210205,0.5506104230880737,1.7323963642120361,3.5766918659210205,10.272638320922852,2.3345606327056885
6,Unrolled,1001159,8.125184059143066,2.8643851280212402,3.752586841583252,3.8139235973358154,1.1969850063323975,1.9514503479003906,3.8139235973358154,12.35786247253418,3.79876446723938
6,Unrolled,1001168,5.094254493713379,0.8553856611251831,3.549544095993042,2.152726411819458,0.47681909799575806,0.9014089703559875,2.152726411819458,5.833111763000488,1.827568769454956
6,Unrolled,1001170,6.844547271728516,0.9879937171936035,4.3016157150268555,2.4779276847839355,0.38831233978271484,1.1189448833465576,2.4779276847839355,6.433208465576172,1.9185889959335327
6,Unrolled,1001184,6.817378044128418,1.1475870609283447,4.751959800720215,3.4721248149871826,0.3980638384819031,1.5031613111495972,3.4721248149871826,9.34182357788086,2.6046557426452637
6,Unrolled,1001275,7.926656246185303,2.5920774936676025,4.3669114112854,3.93342661857605,0.9756277203559875,2.3301749229431152,3.93342661857605,11.495621681213379,3.277726411819458
6,Unrolled,1001381,8.035773277282715,0.9109268188476562,2.8147754669189453,2.925297260284424,0.5515602827072144,1.6172258853912354,2.925297260284424,9.842973709106445,2.60459303855896
6,Unrolled,1001651,7.127877712249756,1.5109155178070068,8.682134628295898,2.9086503982543945,0.6448869705200195,1.8152916431427002,2.9086503982543945,11.923047065734863,1.8963842391967773
6,Unrolled,1001655,6.568163871765137,1.3809925317764282,5.150521278381348,3.043025255203247,0.7686792612075806,1.5304256677627563,3.043025255203247,11.266993522644043,2.5475962162017822
6,Unrolled,1001687,6.835118770599365,1.1484107971191406,5.015799045562744,2.9208877086639404,0.5541730523109436,1.604068398475647,2.9208877086639404,8.335663795471191,2.221134662628174
6,Unrolled,1001759,6.543301582336426,1.249937653541565,4.947542667388916,2.560204029083252,0.5412754416465759,1.2806899547576904,2.560204029083252,6.8061652183532715,2.229567050933838
6,Unrolled,1001763,5.974540710449219,0.9710634350776672,3.754451036453247,3.0672218799591064,0.49998149275779724,1.6503654718399048,3.0672218799591064,10.220537185668945,2.590261459350586
6,Unrolled,1001798,8.888261795043945,2.6624934673309326,3.9225711822509766,4.05294132232666,1.0174288749694824,2.1346182823181152,4.05294132232666,10.393080711364746,2.973248243331909
6,Unrolled,1001850,6.436689853668213,1.566327452659607,5.947021484375,3.4084064960479736,0.7420523166656494,1.669236421585083,3.4084064960479736,10.549670219421387,2.4714746475219727
6,Unrolled,1001851,7.121956825256348,1.9620450735092163,7.192863464355469,2.910212516784668,0.8500566482543945,2.023160219192505,2.910212516784668,10.588566780090332,2.496706962585449
6,Unrolled,1001938,7.381799221038818,1.5669841766357422,6.217766284942627,3.1173758506774902,0.8026965260505676,1.6363468170166016,3.1173758506774902,10.289697647094727,2.6577632427215576
6,Unrolled,1001959,7.733916282653809,1.6649043560028076,2.676959991455078,3.0092217922210693,0.6234381794929504,1.4046677350997925,3.0092217922210693,10.41087818145752,2.980663537979126
6,Unrolled,1001995,7.883718013763428,1.3389475345611572,5.770718574523926,2.724327802658081,0.6142489314079285,1.3776159286499023,2.724327802658081,8.18648910522461,2.46502423286438
6,Unrolled,1001997,10.495355606079102,2.185591220855713,4.165040493011475,4.195069313049316,0.8479284048080444,1.7794523239135742,4.195069313049316,10.366914749145508,2.9519028663635254
6,Unrolled,1002007,6.174402236938477,1.5811526775360107,6.132892608642578,2.762068271636963,0.5943974256515503,1.4942880868911743,2.762068271636963,8.720020294189453,2.4463951587677
6,Unrolled,1002035,7.827581882476807,0.8868305087089539,3.6682467460632324,2.916224718093872,0.3379269242286682,1.1719789505004883,2.916224718093872,7.454951286315918,2.0453100204467773
6,Unrolled,1002274,5.837176322937012,1.12422513961792,4.872359275817871,2.867765426635742,0.5173266530036926,1.6895405054092407,2.867765426635742,11.43303394317627,2.4383749961853027
6,Unrolled,1002351,5.776799201965332,1.0862798690795898,3.5812010765075684,2.8845441341400146,0.663253664970398,1.4344441890716553,2.8845441341400146,8.79727840423584,2.605649471282959
6,Unrolled,1002380,11.196842193603516,1.8947690725326538,4.296693325042725,4.309544086456299,0.8559039831161499,1.703690767288208,4.309544086456299,11.09774112701416,2.902082920074463
6,Unrolled,1002382,6.524485111236572,0.8453603982925415,2.6891682147979736,1.9326372146606445,0.38947537541389465,1.1325006484985352,1.9326372146606445,5.785615921020508,1.8361295461654663
6,Unrolled,1002412,8.321596145629883,2.1851353645324707,4.019354820251465,3.7632663249969482,0.7757739424705505,2.048370599746704,3.7632663249969482,11.019192695617676,2.965459108352661
6,Unrolled,1002417,8.655998229980469,1.3564248085021973,3.830897569656372,4.692891597747803,1.6932060718536377,2.661879539489746,4.692891597747803,12.978103637695312,4.124596118927002
6,Unrolled,1002451,8.461814880371094,1.8087695837020874,5.9610090255737305,3.7100722789764404,0.943431556224823,1.88625967502594,3.7100722789764404,11.552034378051758,3.369403123855591
6,Unrolled,1002515,8.955995559692383,1.705784559249878,3.6420111656188965,4.4132981300354,1.2225244045257568,1.9222686290740967,4.4132981300354,12.170522689819336,4.603281021118164
6,Unrolled,1002526,5.564694404602051,0.8012199401855469,3.588895320892334,2.8925883769989014,0.3683510422706604,1.4689359664916992,2.8925883769989014,9.480859756469727,2.298832893371582
6,Unrolled,1002538,8.004637718200684,1.5843950510025024,2.771127700805664,4.081076145172119,0.7867939472198486,1.900835394859314,4.081076145172119,12.221990585327148,3.1716065406799316
