Acceleration,Method,ScanID,SSFD (5 pct data),SSFD (10 pct data),SSFD (25 pct data),SSFD (50 pct data)
2,UNet,1000017,0.4853014349937439,0.5137895345687866,0.6661209464073181,1.151492714881897
2,UNet,1000026,0.7213249206542969,0.49120134115219116,0.6926048994064331,0.9867261052131653
2,UNet,1000041,0.5335606336593628,0.4488326907157898,0.29450225830078125,0.9468905329704285
2,UNet,1000071,0.7610422968864441,0.9515846967697144,0.6508947610855103,1.1958822011947632
2,UNet,1000107,0.5886929035186768,0.38445425033569336,0.3197609484195709,1.1644814014434814
2,UNet,1000153,0.32926157116889954,0.3387867212295532,0.2919650971889496,0.8083102107048035
2,UNet,1000178,0.37914785742759705,0.44079846143722534,0.5495645403862,0.976606547832489
2,UNet,1000196,1.86769700050354,1.354006052017212,0.9017149806022644,1.8115739822387695
2,UNet,1000206,0.4947403073310852,0.396637499332428,0.38336214423179626,0.9879730939865112
2,UNet,1000264,0.6944538354873657,0.48430514335632324,0.4141518473625183,1.0619761943817139
2,UNet,1000292,0.520588755607605,0.5666067004203796,0.9185266494750977,1.2045738697052002
2,UNet,1000314,0.9597762227058411,0.5182530283927917,0.657640814781189,1.2753069400787354
2,UNet,1000323,1.7366358041763306,0.9420883059501648,1.4465250968933105,1.849255919456482
2,UNet,1000344,0.5388926267623901,0.5521402955055237,0.508520781993866,0.9977403879165649
2,UNet,1000432,0.3235713541507721,0.39775416254997253,0.35284286737442017,0.9617183804512024
2,UNet,1000464,2.000249147415161,0.9248229265213013,1.38654625415802,1.8204765319824219
2,UNet,1000538,0.8775516748428345,0.533959686756134,0.6585156321525574,0.9380548596382141
2,UNet,1000591,0.6815953254699707,0.40889936685562134,0.656050443649292,1.059638261795044
2,UNet,1000697,0.3279806673526764,0.30898517370224,0.27517685294151306,0.7207003831863403
2,UNet,1000735,0.7222474813461304,0.506936252117157,0.48333969712257385,0.9145174026489258
2,UNet,1000759,0.2696116268634796,0.36300837993621826,0.2580084800720215,0.8614699244499207
2,UNet,1000769,0.24859938025474548,0.30238720774650574,0.3303460478782654,0.8054234385490417
2,UNet,1000891,0.4687366485595703,0.4044817090034485,0.5119504928588867,0.8438758850097656
2,UNet,1000899,0.9640005230903625,0.9665738344192505,0.876822829246521,1.5507868528366089
2,UNet,1001064,0.2843136787414551,0.29865890741348267,0.3005336821079254,0.9718531370162964
2,UNet,1001090,0.5999632477760315,0.31783995032310486,0.5764937996864319,0.9473186731338501
2,UNet,1001096,0.35980525612831116,0.36031293869018555,0.26421740651130676,0.9097405672073364
2,UNet,1001104,0.30137109756469727,0.3007555305957794,0.24676290154457092,0.6778085827827454
2,UNet,1001119,0.8491390347480774,0.8483843803405762,0.5062583684921265,1.2668983936309814
2,UNet,1001140,0.3052349388599396,0.3884844183921814,0.44220679998397827,0.8301576375961304
2,UNet,1001144,0.5257600545883179,0.3940531015396118,0.441570520401001,0.7840721011161804
2,UNet,1001159,0.8886634707450867,0.8178893327713013,1.4469512701034546,1.4272671937942505
2,UNet,1001168,0.31909236311912537,0.3250676095485687,0.3768016993999481,0.7052549123764038
2,UNet,1001170,0.3782217502593994,0.42541179060935974,0.323124498128891,0.9384728670120239
2,UNet,1001184,0.5541409254074097,0.44888314604759216,0.3872263431549072,0.997360348701477
2,UNet,1001275,0.7440711259841919,0.620834231376648,1.10455322265625,1.2324869632720947
2,UNet,1001381,0.5704901814460754,0.369851291179657,0.5097776651382446,0.797376275062561
2,UNet,1001651,0.6420562267303467,0.34757858514785767,0.6242243051528931,0.7460111379623413
2,UNet,1001655,0.8231759071350098,0.5694532990455627,0.4535950720310211,1.1216353178024292
2,UNet,1001687,0.598473072052002,0.5879507064819336,0.5145633816719055,1.0249096155166626
2,UNet,1001759,0.5996471047401428,0.7791778445243835,0.3824165463447571,0.9881844520568848
2,UNet,1001763,0.8007982969284058,0.5138460993766785,0.578106164932251,1.081550121307373
2,UNet,1001798,0.6053739786148071,0.512285053730011,1.0278514623641968,1.2694194316864014
2,UNet,1001850,0.5589474439620972,0.4156669080257416,0.6045923829078674,1.0716750621795654
2,UNet,1001851,0.8791521191596985,0.41711726784706116,0.9577460289001465,1.2023688554763794
2,UNet,1001938,0.5915606617927551,0.7429429292678833,0.6149426102638245,1.3566386699676514
2,UNet,1001959,0.6832348108291626,0.7979221343994141,0.4936506748199463,1.2716184854507446
2,UNet,1001995,0.37089410424232483,0.3096727430820465,0.37773922085762024,0.9360342025756836
2,UNet,1001997,0.9461762309074402,0.7165907621383667,1.0371228456497192,1.3640844821929932
2,UNet,1002007,0.6178953647613525,0.5275899171829224,0.5044827461242676,0.9959806203842163
2,UNet,1002035,0.3847017288208008,0.33341675996780396,0.2399137318134308,0.8515480756759644
2,UNet,1002274,1.3877533674240112,0.5641039609909058,0.7906916737556458,1.31533944606781
2,UNet,1002351,0.5368322134017944,0.36796092987060547,0.5389240980148315,1.0605576038360596
2,UNet,1002380,0.700554370880127,0.5914142727851868,0.7480372190475464,1.1460554599761963
2,UNet,1002382,0.22855977714061737,0.21703508496284485,0.22554533183574677,0.4836403727531433
2,UNet,1002412,0.45507389307022095,0.5211040377616882,0.729877233505249,1.2770841121673584
2,UNet,1002417,2.2552363872528076,0.9763244390487671,1.3725026845932007,1.8935253620147705
2,UNet,1002451,0.5604962110519409,0.6166635751724243,0.5469197034835815,1.2005563974380493
2,UNet,1002515,0.7917070984840393,0.9650751352310181,0.7364532351493835,1.385120153427124
2,UNet,1002526,0.5942752361297607,0.3363440930843353,0.42198318243026733,0.8195844888687134
2,UNet,1002538,0.8288050889968872,1.4333351850509644,0.7894238233566284,1.7167819738388062
4,UNet,1000017,1.1850824356079102,1.1383165121078491,1.537980318069458,2.686275005340576
4,UNet,1000026,1.696336030960083,1.261789083480835,1.393571138381958,2.3167648315429688
4,UNet,1000041,1.1268250942230225,1.1533324718475342,0.7471002340316772,2.4814255237579346
4,UNet,1000071,2.093470335006714,1.3400495052337646,1.2726984024047852,2.8152964115142822
4,UNet,1000107,1.219289779663086,0.8520281910896301,0.7330282926559448,2.204054355621338
4,UNet,1000153,1.0212775468826294,0.981418788433075,0.8825060725212097,2.445545196533203
4,UNet,1000178,1.3861939907073975,1.240984320640564,1.4624799489974976,2.8440616130828857
4,UNet,1000196,2.6161136627197266,2.088538646697998,1.540215015411377,3.238919734954834
4,UNet,1000206,2.0416994094848633,1.5272133350372314,1.304375410079956,3.1373043060302734
4,UNet,1000264,1.3248207569122314,0.7998326420783997,0.8699652552604675,2.0464510917663574
4,UNet,1000292,1.6094424724578857,1.3592963218688965,2.1897730827331543,3.33074951171875
4,UNet,1000314,1.482702612876892,0.8798759579658508,1.10508394241333,2.150834560394287
4,UNet,1000323,3.228614091873169,1.5463917255401611,2.504136085510254,2.967151165008545
4,UNet,1000344,1.9305956363677979,1.79159414768219,1.4584405422210693,3.0116512775421143
4,UNet,1000432,1.1482594013214111,1.3001854419708252,0.9665414094924927,2.6548759937286377
4,UNet,1000464,1.8025531768798828,1.0508100986480713,1.676801323890686,2.3053717613220215
4,UNet,1000538,1.773014783859253,1.1867092847824097,1.4297597408294678,2.11191987991333
4,UNet,1000591,2.6308047771453857,1.3173412084579468,1.9582741260528564,2.9624762535095215
4,UNet,1000697,1.321462869644165,0.8695296049118042,0.8532010316848755,1.7881349325180054
4,UNet,1000735,1.5771149396896362,1.2163615226745605,1.1728451251983643,2.4067225456237793
4,UNet,1000759,1.9921239614486694,1.7535629272460938,0.9756461381912231,3.2805190086364746
4,UNet,1000769,1.5043869018554688,1.486194372177124,1.1166963577270508,3.0699353218078613
4,UNet,1000891,0.9062830209732056,0.916394829750061,0.9819546937942505,2.2216687202453613
4,UNet,1000899,2.0891973972320557,1.8119542598724365,1.783858060836792,3.305788040161133
4,UNet,1001064,1.448185920715332,1.4164760112762451,1.3072162866592407,3.2921059131622314
4,UNet,1001090,2.167074680328369,1.2811447381973267,1.810375452041626,2.899096727371216
4,UNet,1001096,1.2143638134002686,0.9409726858139038,0.7730709910392761,2.2228775024414062
4,UNet,1001104,1.0329498052597046,0.9762347340583801,0.8138961791992188,2.209280490875244
4,UNet,1001119,1.2779853343963623,0.9704685211181641,0.8982841372489929,1.9939361810684204
4,UNet,1001140,0.9708645939826965,0.9711338877677917,1.195068120956421,2.213792085647583
4,UNet,1001144,1.3791377544403076,1.017142415046692,1.364137887954712,2.1931328773498535
4,UNet,1001159,2.8917245864868164,1.9335416555404663,2.882972240447998,3.100870370864868
4,UNet,1001168,1.0575685501098633,0.9586694836616516,1.2619855403900146,2.068467617034912
4,UNet,1001170,1.110011339187622,1.2242095470428467,0.9432266354560852,2.2827048301696777
4,UNet,1001184,1.6890475749969482,1.0912487506866455,1.0164055824279785,2.7859902381896973
4,UNet,1001275,2.728296995162964,1.6710125207901,2.7184767723083496,3.4540915489196777
4,UNet,1001381,1.1768827438354492,1.0371487140655518,1.4267160892486572,2.1543235778808594
4,UNet,1001651,2.4856719970703125,1.3160676956176758,1.5980103015899658,2.1799163818359375
4,UNet,1001655,1.1918569803237915,0.9109276533126831,0.8618960380554199,2.3479886054992676
4,UNet,1001687,1.1056634187698364,1.1926333904266357,1.1131813526153564,2.2293896675109863
4,UNet,1001759,1.1913264989852905,1.0718947649002075,1.0599058866500854,2.4776716232299805
4,UNet,1001763,2.288571834564209,1.2673909664154053,1.407221794128418,2.653682231903076
4,UNet,1001798,2.2142255306243896,1.4164905548095703,2.3287367820739746,3.190189838409424
4,UNet,1001850,1.5774952173233032,1.095110535621643,1.4131288528442383,2.657480001449585
4,UNet,1001851,2.0337023735046387,1.269849181175232,1.9732004404067993,2.9999537467956543
4,UNet,1001938,1.576141357421875,1.344026803970337,1.461564302444458,3.43449330329895
4,UNet,1001959,0.817832350730896,0.8220672607421875,0.8429557681083679,2.0464813709259033
4,UNet,1001995,1.5240367650985718,1.1564544439315796,1.2528042793273926,2.6962084770202637
4,UNet,1001997,2.4650826454162598,1.7102174758911133,2.142643928527832,2.9911162853240967
4,UNet,1002007,1.653794527053833,1.3405345678329468,1.2721679210662842,2.7907333374023438
4,UNet,1002035,0.9045913815498352,0.8188110589981079,0.7161706686019897,2.2199223041534424
4,UNet,1002274,1.7041149139404297,0.8987061381340027,1.262851357460022,1.5796008110046387
4,UNet,1002351,2.703547954559326,1.587683916091919,1.9082473516464233,3.0230019092559814
4,UNet,1002380,2.0613272190093994,1.4797722101211548,1.498263955116272,2.5439202785491943
4,UNet,1002382,0.6988805532455444,0.6472497582435608,0.769059419631958,1.7143917083740234
4,UNet,1002412,1.3212438821792603,1.1339067220687866,1.5410192012786865,2.7467052936553955
4,UNet,1002417,1.6192725896835327,1.064532995223999,1.0007084608078003,2.0890049934387207
4,UNet,1002451,1.8891948461532593,1.7340471744537354,1.4756205081939697,3.264533519744873
4,UNet,1002515,1.5617268085479736,1.9604041576385498,1.644770622253418,3.186610460281372
4,UNet,1002526,2.106351375579834,1.2871639728546143,1.2794862985610962,2.7053256034851074
4,UNet,1002538,1.1858417987823486,1.517372488975525,1.168927788734436,2.5894687175750732
6,UNet,1000017,2.0635695457458496,1.5673353672027588,2.0777671337127686,3.6305155754089355
6,UNet,1000026,2.6580586433410645,1.8337281942367554,2.0934412479400635,3.205779552459717
6,UNet,1000041,1.363039255142212,1.2857710123062134,0.920920193195343,3.403733491897583
6,UNet,1000071,2.109004497528076,1.6187183856964111,1.602806806564331,3.4805989265441895
6,UNet,1000107,1.6527338027954102,1.1971620321273804,0.8550467491149902,2.9935059547424316
6,UNet,1000153,1.2180249691009521,1.2220302820205688,1.296804666519165,3.2045161724090576
6,UNet,1000178,2.3841707706451416,1.7349262237548828,1.8278169631958008,3.573751926422119
6,UNet,1000196,4.21546745300293,3.2354061603546143,2.1562514305114746,4.664705753326416
6,UNet,1000206,1.7859489917755127,1.170517921447754,1.110809087753296,2.802018642425537
6,UNet,1000264,2.0201468467712402,1.136143684387207,1.0816274881362915,2.8828368186950684
6,UNet,1000292,3.260941982269287,2.330416440963745,2.9960763454437256,4.787496089935303
6,UNet,1000314,2.4225635528564453,1.1373010873794556,1.7259416580200195,2.2824301719665527
6,UNet,1000323,3.2563934326171875,1.70261549949646,2.72015643119812,3.4689204692840576
6,UNet,1000344,2.4782164096832275,2.022606372833252,1.6199958324432373,3.4738850593566895
6,UNet,1000432,1.3454806804656982,1.3708490133285522,1.25421941280365,3.0254828929901123
6,UNet,1000464,5.5054144859313965,2.4885354042053223,3.6464571952819824,5.4305524826049805
6,UNet,1000538,2.437807559967041,1.7163467407226562,1.863888144493103,2.5663275718688965
6,UNet,1000591,2.904859781265259,1.6640774011611938,1.8366899490356445,3.0356223583221436
6,UNet,1000697,1.1054623126983643,0.8843048810958862,0.8006042242050171,2.240976095199585
6,UNet,1000735,1.8218873739242554,1.3609099388122559,1.184362769126892,2.5050806999206543
6,UNet,1000759,1.371842622756958,1.5436424016952515,1.115526795387268,3.618891954421997
6,UNet,1000769,1.4425554275512695,1.522638201713562,1.2120760679244995,3.522367477416992
6,UNet,1000891,1.8836005926132202,1.6167157888412476,1.670782446861267,3.402266025543213
6,UNet,1000899,3.1358892917633057,2.7495617866516113,2.5240981578826904,4.679659366607666
6,UNet,1001064,1.2281335592269897,1.309281349182129,1.4168391227722168,3.290799617767334
6,UNet,1001090,2.457089900970459,1.5253095626831055,2.279134511947632,3.3590118885040283
6,UNet,1001096,1.156297206878662,1.1643383502960205,0.9491804242134094,2.6736907958984375
6,UNet,1001104,1.0600725412368774,1.053464651107788,1.0379356145858765,2.645110607147217
6,UNet,1001119,2.114459276199341,1.8100757598876953,1.175122857093811,2.895012855529785
6,UNet,1001140,1.3133741617202759,1.3237197399139404,1.4849809408187866,2.966402530670166
6,UNet,1001144,1.5971485376358032,1.2636579275131226,1.5314030647277832,2.5332019329071045
6,UNet,1001159,4.078046798706055,3.2273876667022705,3.6023306846618652,4.260170936584473
6,UNet,1001168,0.7201111912727356,0.7860103249549866,1.0875911712646484,2.1886374950408936
6,UNet,1001170,1.216227650642395,1.3954929113388062,1.169193983078003,2.9709479808807373
6,UNet,1001184,2.092390775680542,1.3652656078338623,1.1094937324523926,3.090630054473877
6,UNet,1001275,3.7801718711853027,2.5568783283233643,3.4631075859069824,4.447991371154785
6,UNet,1001381,1.8476240634918213,1.4146087169647217,1.873949408531189,2.6348063945770264
6,UNet,1001651,2.9219751358032227,1.5759365558624268,1.988239049911499,2.71968936920166
6,UNet,1001655,1.6277529001235962,1.231136679649353,1.2484115362167358,3.073779582977295
6,UNet,1001687,2.1761553287506104,1.6604715585708618,1.46221923828125,3.0901451110839844
6,UNet,1001759,1.491400957107544,1.6314420700073242,1.3753902912139893,3.1442291736602783
6,UNet,1001763,3.058978796005249,1.7010498046875,2.0267281532287598,3.580479145050049
6,UNet,1001798,3.4937641620635986,2.2388298511505127,3.1951820850372314,4.402434349060059
6,UNet,1001850,2.6135337352752686,1.3993717432022095,2.020134210586548,3.509228467941284
6,UNet,1001851,2.921741247177124,1.9470012187957764,2.896204948425293,3.7783865928649902
6,UNet,1001938,2.662623643875122,2.2362241744995117,2.200756072998047,4.355726718902588
6,UNet,1001959,0.9140958786010742,0.8610033988952637,0.9980090260505676,2.5051445960998535
6,UNet,1001995,1.954289197921753,1.472344994544983,1.585754156112671,3.6875414848327637
6,UNet,1001997,3.4072959423065186,2.3886735439300537,2.819509267807007,3.9268081188201904
6,UNet,1002007,1.7656404972076416,1.442257046699524,1.4491980075836182,3.02071213722229
6,UNet,1002035,1.2265613079071045,0.9155510663986206,0.8117654919624329,2.72407865524292
6,UNet,1002274,3.4711756706237793,1.5305973291397095,1.8571703433990479,3.9341888427734375
6,UNet,1002351,1.9253566265106201,1.3361685276031494,1.744593620300293,2.8374106884002686
6,UNet,1002380,2.8928306102752686,2.174341917037964,1.9148471355438232,3.270012617111206
6,UNet,1002382,1.1758558750152588,0.983759880065918,1.0414035320281982,2.343052625656128
6,UNet,1002412,2.3421761989593506,1.553283929824829,2.093459367752075,3.9879603385925293
6,UNet,1002417,3.4881138801574707,1.7526988983154297,2.549417018890381,3.449802875518799
6,UNet,1002451,2.2104134559631348,2.0009572505950928,1.814478874206543,3.943413496017456
6,UNet,1002515,2.383662462234497,3.0027287006378174,2.6609761714935303,4.518898963928223
6,UNet,1002526,1.6394716501235962,1.0801403522491455,1.2490663528442383,2.335456371307373
6,UNet,1002538,2.3740124702453613,2.5932114124298096,1.6888138055801392,3.860048770904541
2,Unrolled,1000017,0.2681795358657837,0.2990596890449524,0.40835124254226685,0.7160011529922485
2,Unrolled,1000026,0.36170220375061035,0.2648236155509949,0.3696303367614746,0.5677856206893921
2,Unrolled,1000041,0.14943237602710724,0.15065602958202362,0.08703799545764923,0.34196895360946655
2,Unrolled,1000071,0.26977142691612244,0.20783047378063202,0.17160430550575256,0.4073556065559387
2,Unrolled,1000107,0.14094659686088562,0.13015130162239075,0.08872535824775696,0.3658854365348816
2,Unrolled,1000153,0.11747525632381439,0.11984749883413315,0.08981308341026306,0.28455832600593567
2,Unrolled,1000178,0.21583612263202667,0.2570168972015381,0.32925859093666077,0.6325098276138306
2,Unrolled,1000196,0.17318440973758698,0.16548871994018555,0.20560841262340546,0.44835519790649414
2,Unrolled,1000206,0.24173955619335175,0.17244470119476318,0.19526715576648712,0.49644309282302856
2,Unrolled,1000264,0.16424088180065155,0.15991385281085968,0.19119757413864136,0.49807849526405334
2,Unrolled,1000292,0.30098623037338257,0.3545611798763275,0.6124724745750427,0.8356282114982605
2,Unrolled,1000314,0.1320122629404068,0.10165520012378693,0.13906647264957428,0.31963270902633667
2,Unrolled,1000323,0.10449347645044327,0.07630418241024017,0.13212810456752777,0.17184731364250183
2,Unrolled,1000344,0.2611156105995178,0.2259487807750702,0.2709200084209442,0.5742998123168945
2,Unrolled,1000432,0.11497168242931366,0.14201392233371735,0.09771289676427841,0.3216887414455414
2,Unrolled,1000464,0.18443945050239563,0.1259755641222,0.2248200923204422,0.2913314700126648
2,Unrolled,1000538,0.3683772683143616,0.2459925413131714,0.4235405921936035,0.5751575231552124
2,Unrolled,1000591,0.36329880356788635,0.19803492724895477,0.30744603276252747,0.5427228808403015
2,Unrolled,1000697,0.06832097470760345,0.06595102697610855,0.052491508424282074,0.18572551012039185
2,Unrolled,1000735,0.10974158346652985,0.11357235908508301,0.12883618474006653,0.2818310856819153
2,Unrolled,1000759,0.09903110563755035,0.09927128255367279,0.06234937906265259,0.27131861448287964
2,Unrolled,1000769,0.09778918325901031,0.1092536598443985,0.09410832822322845,0.2915870249271393
2,Unrolled,1000891,0.08257417380809784,0.11530463397502899,0.13413776457309723,0.26910144090652466
2,Unrolled,1000899,0.2641521394252777,0.27915316820144653,0.28811463713645935,0.5951977968215942
2,Unrolled,1001064,0.0716560035943985,0.07015576213598251,0.06347377598285675,0.2823813557624817
2,Unrolled,1001090,0.31182584166526794,0.14292263984680176,0.23905019462108612,0.3531198501586914
2,Unrolled,1001096,0.13564865291118622,0.11549141258001328,0.09111921489238739,0.32655566930770874
2,Unrolled,1001104,0.10568644851446152,0.10537539422512054,0.10436712205410004,0.28458458185195923
2,Unrolled,1001119,0.2548593282699585,0.18174104392528534,0.19669248163700104,0.47574442625045776
2,Unrolled,1001140,0.14328554272651672,0.17453913390636444,0.24273936450481415,0.4688570499420166
2,Unrolled,1001144,0.223955437541008,0.17405737936496735,0.2696966826915741,0.4223695397377014
2,Unrolled,1001159,0.4471133351325989,0.540309727191925,0.9197319746017456,1.0125421285629272
2,Unrolled,1001168,0.08663836121559143,0.10607832670211792,0.11122189462184906,0.3328329920768738
2,Unrolled,1001170,0.06443710625171661,0.06755940616130829,0.050673533231019974,0.21220508217811584
2,Unrolled,1001184,0.14028659462928772,0.12320542335510254,0.09746282547712326,0.31729981303215027
2,Unrolled,1001275,0.3766762614250183,0.35155028104782104,0.6794787645339966,0.8171151876449585
2,Unrolled,1001381,0.1693984866142273,0.14658093452453613,0.15427568554878235,0.38355666399002075
2,Unrolled,1001651,0.40980663895606995,0.23197002708911896,0.35244226455688477,0.4573351740837097
2,Unrolled,1001655,0.16764825582504272,0.10928925126791,0.15313653647899628,0.3572391867637634
2,Unrolled,1001687,0.19623775780200958,0.19929718971252441,0.1955876648426056,0.41753309965133667
2,Unrolled,1001759,0.11203765869140625,0.13122236728668213,0.07232722640037537,0.2674787640571594
2,Unrolled,1001763,0.16042661666870117,0.13065935671329498,0.13103008270263672,0.32261091470718384
2,Unrolled,1001798,0.3689579665660858,0.3299093544483185,0.6960704922676086,0.8420257568359375
2,Unrolled,1001850,0.2724605202674866,0.18419361114501953,0.2846894860267639,0.5193556547164917
2,Unrolled,1001851,0.38652750849723816,0.1866769790649414,0.3748214840888977,0.5365878343582153
2,Unrolled,1001938,0.1585441529750824,0.17956556379795074,0.2004222571849823,0.4960656762123108
2,Unrolled,1001959,0.09462815523147583,0.12559065222740173,0.17001473903656006,0.4586397707462311
2,Unrolled,1001995,0.14596275985240936,0.11264902353286743,0.12788450717926025,0.3236374855041504
2,Unrolled,1001997,0.42512497305870056,0.38583502173423767,0.5992461442947388,0.8509607315063477
2,Unrolled,1002007,0.23702295124530792,0.1823907494544983,0.21960051357746124,0.43885087966918945
2,Unrolled,1002035,0.17479851841926575,0.13703861832618713,0.09211747348308563,0.3573821187019348
2,Unrolled,1002274,0.2773471474647522,0.15315589308738708,0.2033175230026245,0.3141666054725647
2,Unrolled,1002351,0.1736556440591812,0.11820904910564423,0.16418740153312683,0.34415894746780396
2,Unrolled,1002380,0.33836856484413147,0.35135865211486816,0.46541208028793335,0.7706835865974426
2,Unrolled,1002382,0.0569656603038311,0.06415996700525284,0.06026463583111763,0.17780539393424988
2,Unrolled,1002412,0.2405308187007904,0.26216378808021545,0.3802318871021271,0.7034412622451782
2,Unrolled,1002417,0.8074997067451477,0.4197024405002594,0.44774913787841797,0.9929001927375793
2,Unrolled,1002451,0.18280526995658875,0.21905164420604706,0.24910083413124084,0.5369065403938293
2,Unrolled,1002515,0.21908140182495117,0.27651986479759216,0.26479431986808777,0.5939852595329285
2,Unrolled,1002526,0.12501870095729828,0.09046897292137146,0.11387274414300919,0.2908889353275299
2,Unrolled,1002538,0.17879733443260193,0.2538430094718933,0.2565784454345703,0.5959989428520203
4,Unrolled,1000017,0.8725579977035522,0.7644425630569458,1.051721453666687,1.9291890859603882
4,Unrolled,1000026,1.2577617168426514,0.7537321448326111,0.9519669413566589,1.5279228687286377
4,Unrolled,1000041,0.4855266213417053,0.5090177655220032,0.3221125602722168,1.338661789894104
4,Unrolled,1000071,0.8884750604629517,0.6597769856452942,0.584588885307312,1.420731782913208
4,Unrolled,1000107,0.5403752326965332,0.415858656167984,0.30928999185562134,1.3268330097198486
4,Unrolled,1000153,0.4517941474914551,0.43990954756736755,0.33307939767837524,1.198469877243042
4,Unrolled,1000178,0.8861269950866699,0.7367362380027771,0.8581253290176392,1.7014003992080688
4,Unrolled,1000196,0.7583643198013306,0.7971831560134888,0.7433372735977173,1.6770578622817993
4,Unrolled,1000206,0.7937196493148804,0.46034345030784607,0.458479642868042,1.2426881790161133
4,Unrolled,1000264,0.5521069765090942,0.40097612142562866,0.49553364515304565,1.2746567726135254
4,Unrolled,1000292,1.2210586071014404,0.8879722356796265,1.4607584476470947,1.954167366027832
4,Unrolled,1000314,0.6254786252975464,0.38395676016807556,0.49348974227905273,1.069502830505371
4,Unrolled,1000323,0.3446734547615051,0.26927489042282104,0.5125436186790466,0.6396993398666382
4,Unrolled,1000344,1.0076391696929932,0.7568374276161194,0.7632153630256653,1.6012232303619385
4,Unrolled,1000432,0.5014791488647461,0.5792526602745056,0.40949687361717224,1.4086767435073853
4,Unrolled,1000464,0.5807635188102722,0.43171682953834534,0.7325876951217651,1.0477787256240845
4,Unrolled,1000538,1.1567537784576416,0.8075829744338989,0.9360359907150269,1.4064885377883911
4,Unrolled,1000591,1.7507902383804321,0.7732141017913818,0.9213669896125793,1.647826910018921
4,Unrolled,1000697,0.28499913215637207,0.2413814812898636,0.2143891602754593,0.7046235799789429
4,Unrolled,1000735,0.5448565483093262,0.4642818868160248,0.445394366979599,1.0083110332489014
4,Unrolled,1000759,0.49863892793655396,0.5455878376960754,0.2957676649093628,1.3647509813308716
4,Unrolled,1000769,0.47018614411354065,0.5319775342941284,0.3770301938056946,1.3814393281936646
4,Unrolled,1000891,0.3234789967536926,0.4611435532569885,0.46006661653518677,1.0492303371429443
4,Unrolled,1000899,1.1672580242156982,0.9928296804428101,1.102858066558838,1.990735650062561
4,Unrolled,1001064,0.5534558296203613,0.5446531176567078,0.4149697721004486,1.5081710815429688
4,Unrolled,1001090,1.18578040599823,0.43020176887512207,0.6610124707221985,1.1221039295196533
4,Unrolled,1001096,0.5806335806846619,0.45122408866882324,0.3347925543785095,1.187934160232544
4,Unrolled,1001104,0.4673852324485779,0.47734832763671875,0.32231244444847107,1.037186861038208
4,Unrolled,1001119,0.931174635887146,0.5943371057510376,0.5437239408493042,1.3380206823349
4,Unrolled,1001140,0.7219268679618835,0.6145009398460388,0.7645708918571472,1.454400658607483
4,Unrolled,1001144,0.7549766898155212,0.5848387479782104,0.6668208837509155,1.2231194972991943
4,Unrolled,1001159,1.7636340856552124,1.37813401222229,2.082249879837036,2.1872780323028564
4,Unrolled,1001168,0.30537477135658264,0.3196238577365875,0.37073779106140137,0.8742451667785645
4,Unrolled,1001170,0.27134090662002563,0.3002625107765198,0.25922152400016785,0.9609613418579102
4,Unrolled,1001184,0.623858630657196,0.5014933943748474,0.42532044649124146,1.2853938341140747
4,Unrolled,1001275,1.7299175262451172,0.9975387454032898,1.7038673162460327,2.0884640216827393
4,Unrolled,1001381,0.48535794019699097,0.43091899156570435,0.5224636793136597,1.1230491399765015
4,Unrolled,1001651,1.4358912706375122,0.8605427742004395,0.9362274408340454,1.272400140762329
4,Unrolled,1001655,0.6103046536445618,0.4029315114021301,0.4786806106567383,1.1524583101272583
4,Unrolled,1001687,0.8702413439750671,0.8255131840705872,0.7045911550521851,1.6731081008911133
4,Unrolled,1001759,0.6193643808364868,0.578556478023529,0.30852562189102173,1.1000521183013916
4,Unrolled,1001763,0.700290322303772,0.49223437905311584,0.5366138219833374,1.1715528964996338
4,Unrolled,1001798,1.5364105701446533,0.8262594938278198,1.5565459728240967,2.015568256378174
4,Unrolled,1001850,1.0192577838897705,0.5546413660049438,0.7656497359275818,1.5199214220046997
4,Unrolled,1001851,1.385718584060669,0.6889451742172241,1.0422862768173218,1.5522983074188232
4,Unrolled,1001938,0.7837547063827515,0.5897082090377808,0.6463415026664734,1.6231197118759155
4,Unrolled,1001959,0.3605063557624817,0.3555806577205658,0.5041562914848328,1.201237440109253
4,Unrolled,1001995,0.670238196849823,0.5309975743293762,0.4964365065097809,1.4144484996795654
4,Unrolled,1001997,1.719313383102417,1.0331017971038818,1.4008928537368774,1.9402557611465454
4,Unrolled,1002007,0.889588475227356,0.5411275625228882,0.6156905889511108,1.2062807083129883
4,Unrolled,1002035,0.5895665884017944,0.438170850276947,0.324563205242157,1.3782609701156616
4,Unrolled,1002274,0.9026309847831726,0.501883864402771,0.7186250686645508,1.0015416145324707
4,Unrolled,1002351,0.8404941558837891,0.527751624584198,0.6282876133918762,1.3682184219360352
4,Unrolled,1002380,1.2697724103927612,0.978348433971405,1.04080331325531,1.6714109182357788
4,Unrolled,1002382,0.25058168172836304,0.27335324883461,0.26943954825401306,0.7090423703193665
4,Unrolled,1002412,1.1207075119018555,0.8297774195671082,1.0007227659225464,1.846501111984253
4,Unrolled,1002417,1.51175856590271,1.1097180843353271,1.1739104986190796,2.2812082767486572
4,Unrolled,1002451,0.7686607837677002,0.6784290075302124,0.792027473449707,1.8189363479614258
4,Unrolled,1002515,0.6856206059455872,0.8499929308891296,0.8540084958076477,1.8517866134643555
4,Unrolled,1002526,0.542195200920105,0.3752250671386719,0.4677456021308899,1.0962092876434326
4,Unrolled,1002538,0.7323421239852905,0.7800453305244446,0.7024750709533691,1.4844962358474731
6,Unrolled,1000017,1.9110453128814697,1.4605696201324463,2.017580509185791,3.491774797439575
6,Unrolled,1000026,2.257025957107544,1.483850121498108,1.597096562385559,2.6803340911865234
6,Unrolled,1000041,1.2570819854736328,1.4097613096237183,0.8772438764572144,2.9406001567840576
6,Unrolled,1000071,2.2737936973571777,1.5580599308013916,1.3887851238250732,3.1109137535095215
6,Unrolled,1000107,1.650255560874939,1.0904134511947632,0.8942111730575562,2.805224657058716
6,Unrolled,1000153,1.0723276138305664,1.128110408782959,1.2016061544418335,3.0554566383361816
6,Unrolled,1000178,1.9648597240447998,1.3637826442718506,1.6210542917251587,3.120347261428833
6,Unrolled,1000196,1.8215234279632568,1.6842412948608398,1.5342695713043213,3.1096603870391846
6,Unrolled,1000206,1.5396028757095337,0.9771482348442078,0.9885107278823853,2.4596505165100098
6,Unrolled,1000264,1.373909592628479,0.8137269020080566,1.0184767246246338,2.362976551055908
6,Unrolled,1000292,2.5549533367156982,1.6369205713272095,2.5006136894226074,3.6455206871032715
6,Unrolled,1000314,1.2784899473190308,0.7928763628005981,1.2258517742156982,2.1650476455688477
6,Unrolled,1000323,0.6347519159317017,0.6318041086196899,1.096772313117981,1.4142858982086182
6,Unrolled,1000344,1.9062658548355103,1.3419930934906006,1.4319756031036377,2.9721484184265137
6,Unrolled,1000432,1.264894723892212,1.282995581626892,1.1820212602615356,3.2484962940216064
6,Unrolled,1000464,1.065727710723877,0.7300989031791687,1.3829548358917236,1.8439104557037354
6,Unrolled,1000538,2.272463321685791,1.64104425907135,1.8668075799942017,2.5819318294525146
6,Unrolled,1000591,3.269646167755127,1.7154651880264282,1.8494815826416016,3.0239148139953613
6,Unrolled,1000697,0.724025309085846,0.5953277945518494,0.6102120280265808,1.610785722732544
6,Unrolled,1000735,1.392151117324829,1.1126859188079834,1.1404184103012085,2.218118190765381
6,Unrolled,1000759,2.5299530029296875,2.2354209423065186,1.2045714855194092,4.014430046081543
6,Unrolled,1000769,2.3165547847747803,2.2403616905212402,1.3404120206832886,4.023282051086426
6,Unrolled,1000891,1.5419189929962158,1.2829053401947021,1.179867148399353,2.613708257675171
6,Unrolled,1000899,1.9448802471160889,1.805545449256897,1.925379991531372,3.4294769763946533
6,Unrolled,1001064,1.4310928583145142,1.5119941234588623,1.3906351327896118,3.3695366382598877
6,Unrolled,1001090,2.0822808742523193,1.0722851753234863,1.6457393169403076,2.448617696762085
6,Unrolled,1001096,1.2935197353363037,1.083433747291565,0.9904799461364746,2.5301513671875
6,Unrolled,1001104,1.3033978939056396,1.2421882152557373,1.0276819467544556,2.7258973121643066
6,Unrolled,1001119,1.5289306640625,1.0651277303695679,1.0309280157089233,2.491675615310669
6,Unrolled,1001140,1.358554482460022,1.2285491228103638,1.363086462020874,2.7403931617736816
6,Unrolled,1001144,1.4827340841293335,1.2632949352264404,1.6034551858901978,2.4035632610321045
6,Unrolled,1001159,3.498596668243408,2.61737322807312,3.1518290042877197,3.580883026123047
6,Unrolled,1001168,0.8968846201896667,0.9518305063247681,1.018665075302124,2.071136713027954
6,Unrolled,1001170,0.9776233434677124,1.0581432580947876,0.7971898317337036,2.547212600708008
6,Unrolled,1001184,2.0868124961853027,1.2805629968643188,1.1673920154571533,3.2054107189178467
6,Unrolled,1001275,3.1732523441314697,1.919520616531372,3.0506253242492676,3.687164306640625
6,Unrolled,1001381,1.1590312719345093,1.0392793416976929,1.3347605466842651,2.220276355743408
6,Unrolled,1001651,2.4851908683776855,1.7621837854385376,1.742028832435608,2.3286941051483154
6,Unrolled,1001655,1.3550291061401367,1.003631353378296,1.1063424348831177,2.537414073944092
6,Unrolled,1001687,1.8391796350479126,1.4681380987167358,1.3969900608062744,3.0983667373657227
6,Unrolled,1001759,1.335516095161438,1.1807072162628174,0.9880512356758118,2.3626673221588135
6,Unrolled,1001763,1.5254251956939697,0.9881590008735657,1.1968457698822021,2.2820796966552734
6,Unrolled,1001798,2.868776321411133,1.6212469339370728,2.724116563796997,3.6364128589630127
6,Unrolled,1001850,2.358428478240967,1.1563043594360352,1.682318925857544,2.9814350605010986
6,Unrolled,1001851,2.383664846420288,1.378287434577942,1.8711456060409546,2.808159589767456
6,Unrolled,1001938,1.6352565288543701,1.2342002391815186,1.280024766921997,3.1465132236480713
6,Unrolled,1001959,0.6701256036758423,0.7054571509361267,0.9399797320365906,2.260446071624756
6,Unrolled,1001995,1.463220238685608,1.2041903734207153,1.2708656787872314,2.9037580490112305
6,Unrolled,1001997,2.8112645149230957,1.9100650548934937,2.21751070022583,3.2302348613739014
6,Unrolled,1002007,1.6430381536483765,1.1226176023483276,1.2724626064300537,2.4031920433044434
6,Unrolled,1002035,1.1635395288467407,0.9464044570922852,0.8277589082717896,2.6675329208374023
6,Unrolled,1002274,1.3664839267730713,0.9484208822250366,1.4242613315582275,1.9064096212387085
6,Unrolled,1002351,1.338074803352356,0.9561384320259094,1.197904348373413,2.3358542919158936
6,Unrolled,1002380,2.2321231365203857,1.8662540912628174,1.7165584564208984,2.943115234375
6,Unrolled,1002382,0.9881731271743774,0.8108824491500854,0.854292094707489,2.0115175247192383
6,Unrolled,1002412,2.1098921298980713,1.2610394954681396,1.6752897500991821,3.230461597442627
6,Unrolled,1002417,1.6843239068984985,1.3714579343795776,1.7973995208740234,2.7623212337493896
6,Unrolled,1002451,1.5100221633911133,1.3977842330932617,1.5668188333511353,3.295309543609619
6,Unrolled,1002515,1.6923534870147705,1.7226438522338867,1.952429175376892,3.575623035430908
6,Unrolled,1002526,1.1728918552398682,0.8717755079269409,1.2198545932769775,2.298731803894043
6,Unrolled,1002538,1.6975609064102173,1.5253525972366333,1.368988037109375,2.82684588432312
