Acceleration,Method,ScanID,SSFD (mse),SSFD (mae),SSFD (pdl),SSFD (dists)
2,UNet,1000017,4.245724201202393,0.8829178810119629,216.7201385498047,-281.706298828125
2,UNet,1000026,4.576750755310059,0.9292274713516235,217.29734802246094,-284.7532958984375
2,UNet,1000041,2.7357096672058105,0.6440999507904053,138.06222534179688,-295.7314453125
2,UNet,1000071,3.9747378826141357,0.8148189783096313,151.54981994628906,-292.53564453125
2,UNet,1000107,2.0297207832336426,0.5643323659896851,132.41392517089844,-304.032958984375
2,UNet,1000153,2.5461924076080322,0.6191222667694092,134.93017578125,-298.8082275390625
2,UNet,1000178,4.418341636657715,0.9022433161735535,197.70367431640625,-287.6661376953125
2,UNet,1000196,5.172432899475098,0.995227038860321,186.84898376464844,-282.41015625
2,UNet,1000206,5.387362480163574,0.9865092039108276,225.66085815429688,-280.6763000488281
2,UNet,1000264,3.611889600753784,0.7921449542045593,148.3553009033203,-291.65087890625
2,UNet,1000292,4.437129020690918,0.9312145113945007,235.39102172851562,-282.7004089355469
2,UNet,1000314,3.1202125549316406,0.7382808923721313,159.05487060546875,-297.86962890625
2,UNet,1000323,4.649422645568848,0.9539345502853394,196.18841552734375,-286.7032775878906
2,UNet,1000344,4.03940486907959,0.8524280786514282,203.83187866210938,-289.13116455078125
2,UNet,1000432,2.6946401596069336,0.6446689367294312,142.51864624023438,-298.46649169921875
2,UNet,1000464,5.552695274353027,1.0043162107467651,193.71942138671875,-281.9396057128906
2,UNet,1000538,3.992189407348633,0.8555900454521179,183.96653747558594,-290.2899475097656
2,UNet,1000591,3.7716498374938965,0.8171520233154297,158.5405731201172,-292.240234375
2,UNet,1000697,2.6891472339630127,0.6066133379936218,155.92372131347656,-298.66729736328125
2,UNet,1000735,3.1850533485412598,0.6713653802871704,149.34796142578125,-296.1810302734375
2,UNet,1000759,2.516331434249878,0.5992324948310852,136.8504638671875,-298.36785888671875
2,UNet,1000769,2.520237922668457,0.6105186343193054,140.23641967773438,-299.136474609375
2,UNet,1000891,2.382110834121704,0.5942947268486023,134.1298370361328,-298.8460693359375
2,UNet,1000899,5.400616645812988,0.9771870374679565,192.3243408203125,-280.2335205078125
2,UNet,1001064,2.3640894889831543,0.5995672941207886,135.62867736816406,-301.5859069824219
2,UNet,1001090,4.361850738525391,0.8382279276847839,178.54843139648438,-292.6331787109375
2,UNet,1001096,2.5742621421813965,0.6310576796531677,139.53392028808594,-297.0901794433594
2,UNet,1001104,2.0302937030792236,0.5198208689689636,122.65039825439453,-301.725341796875
2,UNet,1001119,5.206717491149902,0.9511723518371582,178.00616455078125,-286.6896667480469
2,UNet,1001140,3.3702034950256348,0.7753912210464478,163.61834716796875,-293.19683837890625
2,UNet,1001144,3.843733310699463,0.8242719769477844,170.3477325439453,-290.4200439453125
2,UNet,1001159,6.438261985778809,1.1536674499511719,292.1170959472656,-264.2507019042969
2,UNet,1001168,2.1398415565490723,0.5171802043914795,127.28999328613281,-301.73675537109375
2,UNet,1001170,2.572654962539673,0.6013658046722412,132.2478485107422,-298.92529296875
2,UNet,1001184,3.143709897994995,0.7082949280738831,150.37069702148438,-296.60443115234375
2,UNet,1001275,5.211468696594238,1.0156201124191284,214.05931091308594,-275.72479248046875
2,UNet,1001381,4.320812225341797,0.8170450925827026,210.36915588378906,-292.42291259765625
2,UNet,1001651,3.5562846660614014,0.7693173289299011,169.97274780273438,-292.6940612792969
2,UNet,1001655,4.35363245010376,0.860155463218689,197.01609802246094,-291.09130859375
2,UNet,1001687,2.604936122894287,0.6613832712173462,136.5262451171875,-302.4561767578125
2,UNet,1001759,2.5901036262512207,0.5886918902397156,129.02931213378906,-297.08148193359375
2,UNet,1001763,4.400251388549805,0.8581655621528625,182.85678100585938,-292.40509033203125
2,UNet,1001798,5.069035530090332,0.9976425170898438,225.7375946044922,-273.4141540527344
2,UNet,1001850,4.0327887535095215,0.8247268795967102,174.41148376464844,-290.6024169921875
2,UNet,1001851,4.614300727844238,0.8979305028915405,209.7157440185547,-281.75115966796875
2,UNet,1001938,5.500491142272949,1.0070854425430298,210.16824340820312,-282.71514892578125
2,UNet,1001959,4.751776218414307,0.922264575958252,175.64060974121094,-286.0863037109375
2,UNet,1001995,3.025801658630371,0.6716004610061646,149.9158477783203,-297.4273681640625
2,UNet,1001997,4.744107723236084,0.944288432598114,274.9900207519531,-279.6524658203125
2,UNet,1002007,3.959733486175537,0.7859179377555847,174.1125030517578,-292.84161376953125
2,UNet,1002035,2.05073618888855,0.5643492341041565,136.07537841796875,-303.10174560546875
2,UNet,1002274,4.54475212097168,0.9289024472236633,175.3478546142578,-287.93768310546875
2,UNet,1002351,3.9397048950195312,0.8343777656555176,179.6204071044922,-293.21099853515625
2,UNet,1002380,5.423154830932617,1.0002458095550537,297.2998962402344,-277.42041015625
2,UNet,1002382,2.182060718536377,0.5204387903213501,131.2484130859375,-303.05224609375
2,UNet,1002412,5.070140838623047,0.9694097638130188,224.63914489746094,-277.22509765625
2,UNet,1002417,4.781099796295166,0.9489124417304993,187.4364776611328,-284.9970397949219
2,UNet,1002451,4.753669738769531,0.9318710565567017,168.93190002441406,-283.13385009765625
2,UNet,1002515,5.452425479888916,1.003408670425415,208.4932861328125,-275.74615478515625
2,UNet,1002526,2.8348822593688965,0.6963914632797241,183.06117248535156,-298.79248046875
2,UNet,1002538,5.354825019836426,1.00895094871521,170.99749755859375,-282.9404296875
4,UNet,1000017,9.786736488342285,1.3530279397964478,312.14715576171875,-248.24957275390625
4,UNet,1000026,10.551660537719727,1.4130841493606567,280.2983703613281,-247.541015625
4,UNet,1000041,6.8436689376831055,1.0310744047164917,257.0473937988281,-268.70166015625
4,UNet,1000071,8.010579109191895,1.1713502407073975,212.93902587890625,-267.31475830078125
4,UNet,1000107,6.892844200134277,1.0057899951934814,264.5863037109375,-276.04541015625
4,UNet,1000153,7.615785121917725,1.050657033920288,266.1264953613281,-267.63916015625
4,UNet,1000178,10.726234436035156,1.4223384857177734,270.8477783203125,-248.40179443359375
4,UNet,1000196,10.493827819824219,1.4396593570709229,259.3668518066406,-252.6041259765625
4,UNet,1000206,10.614618301391602,1.4270284175872803,284.7012939453125,-248.29928588867188
4,UNet,1000264,8.347742080688477,1.202377438545227,286.5893859863281,-261.86279296875
4,UNet,1000292,9.150612831115723,1.3289918899536133,336.0887145996094,-252.7415313720703
4,UNet,1000314,7.522767066955566,1.166235089302063,271.2202453613281,-269.9410400390625
4,UNet,1000323,9.5118989944458,1.398453950881958,310.81707763671875,-258.755615234375
4,UNet,1000344,9.866385459899902,1.359926700592041,296.177490234375,-249.95909118652344
4,UNet,1000432,6.92254114151001,1.0558663606643677,233.26748657226562,-273.30426025390625
4,UNet,1000464,11.192153930664062,1.4112647771835327,369.4408264160156,-252.1963348388672
4,UNet,1000538,9.179704666137695,1.301413655281067,273.642333984375,-258.00152587890625
4,UNet,1000591,10.431923866271973,1.4029467105865479,280.6838684082031,-253.47377014160156
4,UNet,1000697,7.374139308929443,1.0130923986434937,274.2666931152344,-273.96990966796875
4,UNet,1000735,9.017956733703613,1.123052954673767,256.5228576660156,-261.3278503417969
4,UNet,1000759,6.916412353515625,1.0144842863082886,226.65318298339844,-270.3392333984375
4,UNet,1000769,7.374096870422363,1.0455368757247925,240.11093139648438,-269.842041015625
4,UNet,1000891,6.576003074645996,0.983586311340332,241.40904235839844,-271.42584228515625
4,UNet,1000899,11.294306755065918,1.4607164859771729,268.24261474609375,-243.14466857910156
4,UNet,1001064,8.129647254943848,1.0840152502059937,261.1458740234375,-270.61334228515625
4,UNet,1001090,12.043499946594238,1.4519895315170288,330.971435546875,-250.44839477539062
4,UNet,1001096,5.849998950958252,0.9621027112007141,193.4324951171875,-278.81414794921875
4,UNet,1001104,5.910632610321045,0.879917323589325,204.97738647460938,-276.6163024902344
4,UNet,1001119,9.987527847290039,1.3585484027862549,235.1063232421875,-257.21673583984375
4,UNet,1001140,7.964298248291016,1.222854495048523,191.9094696044922,-261.5381164550781
4,UNet,1001144,9.021061897277832,1.2928425073623657,268.410888671875,-260.50518798828125
4,UNet,1001159,11.545816421508789,1.5787280797958374,424.0076904296875,-225.9949493408203
4,UNet,1001168,5.971392631530762,0.8812353014945984,213.25723266601562,-277.89129638671875
4,UNet,1001170,7.557255744934082,1.015439510345459,246.3878173828125,-269.4918518066406
4,UNet,1001184,8.707897186279297,1.1815264225006104,243.62400817871094,-266.16192626953125
4,UNet,1001275,10.994202613830566,1.4758790731430054,372.9670715332031,-238.8613739013672
4,UNet,1001381,10.056496620178223,1.2543056011199951,406.8565979003906,-260.65228271484375
4,UNet,1001651,9.372796058654785,1.2978308200836182,294.68597412109375,-255.63818359375
4,UNet,1001655,9.399724006652832,1.3017504215240479,241.86912536621094,-259.66900634765625
4,UNet,1001687,7.760466575622559,1.149648904800415,262.6830749511719,-273.4311218261719
4,UNet,1001759,7.787670135498047,1.04335618019104,286.79595947265625,-266.69720458984375
4,UNet,1001763,10.285135269165039,1.3253254890441895,382.2137145996094,-259.08905029296875
4,UNet,1001798,9.792362213134766,1.3862988948822021,326.8739929199219,-239.9053497314453
4,UNet,1001850,10.265828132629395,1.358071208000183,258.70819091796875,-253.96063232421875
4,UNet,1001851,10.288191795349121,1.3710938692092896,330.084228515625,-249.75772094726562
4,UNet,1001938,11.023333549499512,1.4566315412521362,298.4091796875,-251.1650390625
4,UNet,1001959,9.501504898071289,1.3340222835540771,225.25242614746094,-253.7469482421875
4,UNet,1001995,7.440164089202881,1.087775468826294,230.5198974609375,-271.674560546875
4,UNet,1001997,9.935382843017578,1.3722565174102783,340.575927734375,-247.29254150390625
4,UNet,1002007,9.428486824035645,1.2380858659744263,252.4036102294922,-261.6907958984375
4,UNet,1002035,6.5302414894104,0.9916567802429199,231.30455017089844,-276.947265625
4,UNet,1002274,11.493291854858398,1.4733030796051025,381.884521484375,-248.79214477539062
4,UNet,1002351,10.879112243652344,1.4207971096038818,346.0085144042969,-256.0168762207031
4,UNet,1002380,10.927024841308594,1.4383032321929932,332.1942138671875,-244.26731872558594
4,UNet,1002382,6.148218631744385,0.8793250918388367,265.4605407714844,-278.0126647949219
4,UNet,1002412,11.085725784301758,1.4281121492385864,273.3328857421875,-240.50791931152344
4,UNet,1002417,10.744502067565918,1.4153738021850586,357.2607421875,-248.8262939453125
4,UNet,1002451,11.067192077636719,1.4682667255401611,252.0310516357422,-242.28895568847656
4,UNet,1002515,11.272703170776367,1.4847593307495117,283.39398193359375,-235.31405639648438
4,UNet,1002526,8.132967948913574,1.2025094032287598,276.4692077636719,-265.99139404296875
4,UNet,1002538,11.125900268554688,1.463008999824524,268.7646789550781,-243.86019897460938
6,UNet,1000017,11.809557914733887,1.4921879768371582,402.5632019042969,-235.81353759765625
6,UNet,1000026,12.167790412902832,1.5523053407669067,276.9490051269531,-235.6064453125
6,UNet,1000041,7.24945592880249,1.064685583114624,213.44586181640625,-266.10198974609375
6,UNet,1000071,10.536015510559082,1.3299275636672974,271.6653137207031,-254.2225341796875
6,UNet,1000107,7.334252834320068,1.0266873836517334,243.9809112548828,-271.4970397949219
6,UNet,1000153,8.704594612121582,1.1312586069107056,244.24746704101562,-261.903564453125
6,UNet,1000178,12.797761917114258,1.588539481163025,313.23492431640625,-235.7606658935547
6,UNet,1000196,13.366786003112793,1.621408462524414,309.069580078125,-236.48971557617188
6,UNet,1000206,12.01098918914795,1.5275453329086304,300.9286804199219,-239.73623657226562
6,UNet,1000264,8.09886360168457,1.2147111892700195,233.98611450195312,-260.7757873535156
6,UNet,1000292,10.687355041503906,1.4472894668579102,400.5942077636719,-242.22898864746094
6,UNet,1000314,8.908854484558105,1.268484115600586,285.0119323730469,-264.0133056640625
6,UNet,1000323,11.877674102783203,1.508115530014038,356.1827697753906,-248.6630401611328
6,UNet,1000344,11.667860984802246,1.4982707500457764,349.4259033203125,-239.2462921142578
6,UNet,1000432,7.224661350250244,1.0750404596328735,223.70433044433594,-271.3948974609375
6,UNet,1000464,14.50562572479248,1.6842759847640991,385.1286315917969,-228.1744384765625
6,UNet,1000538,10.884593963623047,1.4356986284255981,309.1563415527344,-245.4364013671875
6,UNet,1000591,10.286897659301758,1.4211335182189941,297.18035888671875,-248.50311279296875
6,UNet,1000697,7.702940940856934,1.0532896518707275,283.4465637207031,-273.35687255859375
6,UNet,1000735,9.490962982177734,1.141244649887085,232.5242156982422,-258.49737548828125
6,UNet,1000759,7.6218438148498535,1.0465500354766846,216.1897430419922,-267.170166015625
6,UNet,1000769,7.903478145599365,1.0725873708724976,234.08935546875,-265.21142578125
6,UNet,1000891,8.453978538513184,1.1272974014282227,281.1779479980469,-259.5940246582031
6,UNet,1000899,14.317028999328613,1.6294500827789307,280.7755126953125,-226.86392211914062
6,UNet,1001064,8.289342880249023,1.0855236053466797,253.9775848388672,-268.6756591796875
6,UNet,1001090,13.101534843444824,1.5161166191101074,386.2641906738281,-241.7122802734375
6,UNet,1001096,8.011344909667969,1.1190048456192017,228.2519073486328,-267.6759338378906
6,UNet,1001104,6.401522636413574,0.941906750202179,196.3164825439453,-274.88531494140625
6,UNet,1001119,13.369401931762695,1.5938732624053955,273.18597412109375,-237.5019073486328
6,UNet,1001140,10.61404037475586,1.4060888290405273,267.66790771484375,-245.63973999023438
6,UNet,1001144,10.718354225158691,1.4413225650787354,300.9164733886719,-247.99554443359375
6,UNet,1001159,14.872822761535645,1.7948980331420898,515.3574829101562,-206.89443969726562
6,UNet,1001168,6.909775733947754,0.9235848188400269,210.67596435546875,-274.1160583496094
6,UNet,1001170,8.549551010131836,1.0855824947357178,246.70343017578125,-262.923583984375
6,UNet,1001184,8.991483688354492,1.2033114433288574,234.64239501953125,-263.7055969238281
6,UNet,1001275,13.393437385559082,1.6352348327636719,484.0165710449219,-221.0335693359375
6,UNet,1001381,12.116205215454102,1.3833625316619873,373.3851623535156,-250.301025390625
6,UNet,1001651,11.39757251739502,1.4579805135726929,311.92608642578125,-242.67312622070312
6,UNet,1001655,11.417106628417969,1.4522669315338135,357.9043273925781,-250.38636779785156
6,UNet,1001687,8.85533618927002,1.224814772605896,246.4926300048828,-266.40625
6,UNet,1001759,9.347087860107422,1.1529983282089233,342.25653076171875,-255.7139892578125
6,UNet,1001763,13.556172370910645,1.5489046573638916,403.4524230957031,-242.89718627929688
6,UNet,1001798,11.394890785217285,1.512695074081421,414.69281005859375,-228.00970458984375
6,UNet,1001850,11.076950073242188,1.4474608898162842,306.6778564453125,-244.56192016601562
6,UNet,1001851,13.01594352722168,1.5733518600463867,367.8941650390625,-228.88880920410156
6,UNet,1001938,12.910560607910156,1.6241734027862549,338.9468078613281,-236.94393920898438
6,UNet,1001959,10.667181968688965,1.4608192443847656,223.77708435058594,-245.73300170898438
6,UNet,1001995,10.671320915222168,1.2432422637939453,307.6673889160156,-256.60931396484375
6,UNet,1001997,13.215505599975586,1.5979381799697876,421.4302673339844,-227.63592529296875
6,UNet,1002007,10.856130599975586,1.3878090381622314,238.99490356445312,-250.574462890625
6,UNet,1002035,7.408143520355225,1.0460602045059204,233.6728515625,-273.39776611328125
6,UNet,1002274,12.706430435180664,1.6076853275299072,343.2684020996094,-237.30052185058594
6,UNet,1002351,10.160523414611816,1.3610669374465942,281.2630920410156,-259.6823425292969
6,UNet,1002380,12.456500053405762,1.5565704107284546,341.2041931152344,-233.38385009765625
6,UNet,1002382,6.700736999511719,0.9293791651725769,244.23672485351562,-272.64056396484375
6,UNet,1002412,13.106521606445312,1.5860824584960938,339.496826171875,-226.65542602539062
6,UNet,1002417,11.325876235961914,1.4905827045440674,322.1264953613281,-246.93023681640625
6,UNet,1002451,13.77366828918457,1.6688597202301025,274.5228576660156,-229.56056213378906
6,UNet,1002515,14.572514533996582,1.7346305847167969,362.6340637207031,-216.9682159423828
6,UNet,1002526,9.134055137634277,1.2679466009140015,297.9598388671875,-264.2524108886719
6,UNet,1002538,13.569524765014648,1.6579735279083252,296.9466552734375,-229.21119689941406
2,Unrolled,1000017,3.0808768272399902,0.7442073225975037,178.27914428710938,-292.361328125
2,Unrolled,1000026,3.2976627349853516,0.7742799520492554,168.18824768066406,-293.59197998046875
2,Unrolled,1000041,0.8180996775627136,0.35461294651031494,96.92222595214844,-310.0275573730469
2,Unrolled,1000071,1.3795394897460938,0.4841804504394531,112.63984680175781,-308.4615783691406
2,Unrolled,1000107,0.775506854057312,0.34284278750419617,93.1535873413086,-312.75311279296875
2,Unrolled,1000153,0.9237458109855652,0.3686119019985199,100.28839111328125,-310.2442321777344
2,Unrolled,1000178,2.922435998916626,0.7274492383003235,161.60935974121094,-296.9085693359375
2,Unrolled,1000196,2.509695529937744,0.6825772523880005,137.99911499023438,-298.10443115234375
2,Unrolled,1000206,3.212606906890869,0.7465885281562805,159.93084716796875,-296.2978515625
2,Unrolled,1000264,2.12221097946167,0.6100463271141052,135.07290649414062,-301.6390686035156
2,Unrolled,1000292,3.3736000061035156,0.8026320338249207,204.44110107421875,-291.22515869140625
2,Unrolled,1000314,1.2085946798324585,0.4567619860172272,112.21996307373047,-309.77899169921875
2,Unrolled,1000323,1.3711751699447632,0.4916137754917145,113.53762817382812,-307.0619201660156
2,Unrolled,1000344,2.799680233001709,0.7074993252754211,157.96408081054688,-295.4852294921875
2,Unrolled,1000432,0.9623727798461914,0.3845425248146057,97.84515380859375,-310.8263854980469
2,Unrolled,1000464,1.9897794723510742,0.5632428526878357,136.25433349609375,-304.00238037109375
2,Unrolled,1000538,2.5004360675811768,0.6682761311531067,143.32723999023438,-299.1790771484375
2,Unrolled,1000591,2.1713497638702393,0.6064372062683105,137.3553009033203,-302.1639709472656
2,Unrolled,1000697,0.6260336637496948,0.30410265922546387,88.77908325195312,-313.51129150390625
2,Unrolled,1000735,1.1825053691864014,0.40756264328956604,106.18749237060547,-309.5179443359375
2,Unrolled,1000759,0.6751230955123901,0.31924429535865784,93.74214172363281,-311.3712158203125
2,Unrolled,1000769,0.685090184211731,0.32097896933555603,90.5818099975586,-312.73004150390625
2,Unrolled,1000891,1.0269200801849365,0.3827073872089386,101.00389862060547,-308.85675048828125
2,Unrolled,1000899,2.4472951889038086,0.6588354706764221,133.14283752441406,-300.809326171875
2,Unrolled,1001064,0.6216620802879333,0.30754998326301575,90.79920196533203,-313.6098327636719
2,Unrolled,1001090,2.126176357269287,0.5801848769187927,138.1823272705078,-304.371826171875
2,Unrolled,1001096,0.9860607981681824,0.38827046751976013,99.56657409667969,-310.28948974609375
2,Unrolled,1001104,0.7937647104263306,0.3274598717689514,87.42668914794922,-311.49688720703125
2,Unrolled,1001119,2.5523762702941895,0.6553166508674622,138.0537567138672,-302.09613037109375
2,Unrolled,1001140,2.398486375808716,0.6420735716819763,142.1908721923828,-299.1781921386719
2,Unrolled,1001144,2.2627570629119873,0.6204695105552673,142.20254516601562,-300.2122497558594
2,Unrolled,1001159,4.85183572769165,0.9819658398628235,212.58474731445312,-276.0957336425781
2,Unrolled,1001168,1.0012118816375732,0.3452940881252289,104.612060546875,-309.59344482421875
2,Unrolled,1001170,0.5600609183311462,0.288276731967926,84.51646423339844,-313.5515441894531
2,Unrolled,1001184,0.7717702984809875,0.3497520685195923,93.61746978759766,-311.46380615234375
2,Unrolled,1001275,3.7996909618377686,0.856655478477478,188.5858154296875,-285.7127685546875
2,Unrolled,1001381,1.2022136449813843,0.4514830708503723,111.95669555664062,-308.5364074707031
2,Unrolled,1001651,2.18896484375,0.5985926985740662,143.61016845703125,-300.78619384765625
2,Unrolled,1001655,2.0973000526428223,0.587577760219574,128.78001403808594,-303.5021057128906
2,Unrolled,1001687,1.2176581621170044,0.44927486777305603,109.73188781738281,-309.91796875
2,Unrolled,1001759,0.6388317346572876,0.30244338512420654,85.23332977294922,-312.56390380859375
2,Unrolled,1001763,1.2533208131790161,0.4561263918876648,111.94670104980469,-309.3697204589844
2,Unrolled,1001798,3.8078951835632324,0.86150062084198,200.92352294921875,-282.74041748046875
2,Unrolled,1001850,2.2411491870880127,0.6103865504264832,137.44212341308594,-302.85784912109375
2,Unrolled,1001851,2.3312344551086426,0.6433067917823792,140.71409606933594,-299.0616455078125
2,Unrolled,1001938,2.6837127208709717,0.6827781796455383,153.68540954589844,-299.3881530761719
2,Unrolled,1001959,2.7692952156066895,0.6958661675453186,134.90557861328125,-299.44500732421875
2,Unrolled,1001995,1.173789381980896,0.4150460362434387,101.74494934082031,-309.5130920410156
2,Unrolled,1001997,3.141289472579956,0.7672051191329956,179.90821838378906,-291.5516357421875
2,Unrolled,1002007,2.153604030609131,0.5755418539047241,131.40782165527344,-302.1119689941406
2,Unrolled,1002035,0.873526394367218,0.36037030816078186,97.86442565917969,-311.1266174316406
2,Unrolled,1002274,1.844117522239685,0.580291748046875,138.2381591796875,-304.2311096191406
2,Unrolled,1002351,1.0593862533569336,0.4318123757839203,98.81169891357422,-309.9627990722656
2,Unrolled,1002380,3.6577086448669434,0.8211844563484192,199.24053955078125,-290.8520812988281
2,Unrolled,1002382,0.578431248664856,0.27601391077041626,82.22798919677734,-313.798828125
2,Unrolled,1002412,3.0512542724609375,0.7486653327941895,188.37039184570312,-292.20635986328125
2,Unrolled,1002417,2.9700450897216797,0.7109013199806213,176.69789123535156,-295.7307434082031
2,Unrolled,1002451,2.340066432952881,0.6544955372810364,125.09269714355469,-299.5299987792969
2,Unrolled,1002515,2.9548139572143555,0.7333586812019348,140.6356658935547,-293.79498291015625
2,Unrolled,1002526,1.0351217985153198,0.42021870613098145,102.25068664550781,-309.53961181640625
2,Unrolled,1002538,2.955291748046875,0.7403287291526794,133.96078491210938,-297.2655334472656
4,Unrolled,1000017,6.4830193519592285,1.0905410051345825,257.5694580078125,-266.7271728515625
4,Unrolled,1000026,7.0719895362854,1.1614537239074707,235.90194702148438,-266.6893615722656
4,Unrolled,1000041,3.235954761505127,0.7047648429870605,163.1134796142578,-289.59014892578125
4,Unrolled,1000071,4.133435249328613,0.8470219373703003,157.67486572265625,-288.9835205078125
4,Unrolled,1000107,2.6853408813476562,0.6384426951408386,147.50323486328125,-299.92633056640625
4,Unrolled,1000153,3.045447587966919,0.6796697378158569,146.52720642089844,-293.44171142578125
4,Unrolled,1000178,7.057373046875,1.1466680765151978,224.12835693359375,-269.7845764160156
4,Unrolled,1000196,6.939166069030762,1.1610451936721802,214.30282592773438,-269.0392761230469
4,Unrolled,1000206,7.554722785949707,1.1678483486175537,235.79620361328125,-266.2550048828125
4,Unrolled,1000264,4.962335109710693,0.9367713928222656,212.6654052734375,-280.05364990234375
4,Unrolled,1000292,6.768540382385254,1.1380412578582764,304.3227844238281,-267.95416259765625
4,Unrolled,1000314,4.096334457397461,0.8424236178398132,195.18624877929688,-290.4128112792969
4,Unrolled,1000323,4.764157772064209,0.9251000285148621,218.84849548339844,-283.83807373046875
4,Unrolled,1000344,6.620902061462402,1.1050505638122559,257.90533447265625,-268.134765625
4,Unrolled,1000432,3.5860869884490967,0.7475306391716003,155.41171264648438,-291.29461669921875
4,Unrolled,1000464,5.89284610748291,1.0186342000961304,244.8646697998047,-279.2246398925781
4,Unrolled,1000538,6.220530033111572,1.0570040941238403,238.4610137939453,-275.7477111816406
4,Unrolled,1000591,5.660880088806152,1.0190446376800537,232.73728942871094,-279.5146484375
4,Unrolled,1000697,2.1436893939971924,0.5555987358093262,132.81680297851562,-303.3398742675781
4,Unrolled,1000735,3.673323154449463,0.7091023325920105,158.66787719726562,-293.06304931640625
4,Unrolled,1000759,2.859095335006714,0.6529396176338196,150.59938049316406,-294.8188781738281
4,Unrolled,1000769,3.0183939933776855,0.6723083853721619,154.59596252441406,-294.93109130859375
4,Unrolled,1000891,3.002711772918701,0.667554497718811,146.24685668945312,-292.58941650390625
4,Unrolled,1000899,7.272047519683838,1.1601598262786865,212.98886108398438,-266.56829833984375
4,Unrolled,1001064,2.682065963745117,0.6297416090965271,161.43438720703125,-299.36199951171875
4,Unrolled,1001090,5.657254219055176,0.9715102314949036,224.0267333984375,-279.5040283203125
4,Unrolled,1001096,3.247756242752075,0.7092064619064331,149.78558349609375,-295.2687683105469
4,Unrolled,1001104,2.4337687492370605,0.5705336332321167,129.52517700195312,-299.1483459472656
4,Unrolled,1001119,6.185929298400879,1.0695922374725342,202.56639099121094,-274.5317077636719
4,Unrolled,1001140,6.186332702636719,1.0585997104644775,209.89962768554688,-273.45538330078125
4,Unrolled,1001144,5.443068504333496,0.9984857439994812,190.2225799560547,-277.2174987792969
4,Unrolled,1001159,9.012361526489258,1.377460241317749,346.0733947753906,-244.50650024414062
4,Unrolled,1001168,2.6407642364501953,0.5734862089157104,146.37376403808594,-299.531005859375
4,Unrolled,1001170,2.5067198276519775,0.5920892357826233,129.15182495117188,-299.0843505859375
4,Unrolled,1001184,3.665771007537842,0.7682164907455444,160.3942413330078,-293.8429870605469
4,Unrolled,1001275,7.552406311035156,1.2334500551223755,305.6141357421875,-257.8326416015625
4,Unrolled,1001381,4.423930644989014,0.845062255859375,239.77427673339844,-287.8360595703125
4,Unrolled,1001651,6.4183855056762695,1.0485668182373047,280.4091796875,-271.2864990234375
4,Unrolled,1001655,6.264948844909668,1.0357692241668701,200.61119079589844,-277.4533996582031
4,Unrolled,1001687,4.194053649902344,0.8436214327812195,164.42335510253906,-290.79949951171875
4,Unrolled,1001759,2.501615524291992,0.6042467951774597,139.1740264892578,-297.45721435546875
4,Unrolled,1001763,4.566603660583496,0.8883096575737,195.14476013183594,-287.9246826171875
4,Unrolled,1001798,6.983541011810303,1.1663378477096558,303.6919250488281,-258.809326171875
4,Unrolled,1001850,5.826972007751465,1.0005381107330322,198.28001403808594,-279.3003234863281
4,Unrolled,1001851,5.875185012817383,1.0315450429916382,243.51068115234375,-275.2451171875
4,Unrolled,1001938,7.084733486175537,1.140350580215454,229.00328063964844,-270.2393493652344
4,Unrolled,1001959,6.488691806793213,1.0867100954055786,180.97906494140625,-274.328125
4,Unrolled,1001995,4.014349937438965,0.7809707522392273,172.20289611816406,-290.36187744140625
4,Unrolled,1001997,6.465237617492676,1.1105742454528809,272.080322265625,-266.6159362792969
4,Unrolled,1002007,5.2683000564575195,0.9398800134658813,166.2251739501953,-280.7012939453125
4,Unrolled,1002035,3.104296922683716,0.6829942464828491,152.55421447753906,-294.481689453125
4,Unrolled,1002274,5.914493083953857,1.0704634189605713,246.7343292236328,-276.98443603515625
4,Unrolled,1002351,4.569407939910889,0.9005231857299805,197.3383026123047,-289.7796630859375
4,Unrolled,1002380,7.708418846130371,1.2006185054779053,313.7473449707031,-262.7502746582031
4,Unrolled,1002382,2.271833896636963,0.5345262289047241,135.28062438964844,-301.75103759765625
4,Unrolled,1002412,7.245517730712891,1.1606535911560059,254.5682373046875,-263.58892822265625
4,Unrolled,1002417,7.932366371154785,1.2317876815795898,278.8428649902344,-264.9249267578125
4,Unrolled,1002451,6.490450859069824,1.1200284957885742,181.92808532714844,-269.5570068359375
4,Unrolled,1002515,7.335282802581787,1.1888118982315063,216.11390686035156,-260.89093017578125
4,Unrolled,1002526,4.298123836517334,0.8475378155708313,214.48387145996094,-287.68280029296875
4,Unrolled,1002538,6.988230228424072,1.164791226387024,184.25820922851562,-269.49310302734375
6,Unrolled,1000017,10.675505638122559,1.4107685089111328,347.7733459472656,-242.9977264404297
6,Unrolled,1000026,10.912615776062012,1.4605592489242554,279.2889709472656,-245.47608947753906
6,Unrolled,1000041,7.0030975341796875,1.0390700101852417,226.79800415039062,-269.2027282714844
6,Unrolled,1000071,8.833005905151367,1.2163569927215576,247.61647033691406,-264.7884216308594
6,Unrolled,1000107,7.910548210144043,1.0347166061401367,293.6634826660156,-270.8835144042969
6,Unrolled,1000153,8.470744132995605,1.0918768644332886,269.8041076660156,-265.0201416015625
6,Unrolled,1000178,11.16944694519043,1.4700182676315308,294.9369812011719,-246.07485961914062
6,Unrolled,1000196,11.503335952758789,1.4761966466903687,287.6558837890625,-246.3900909423828
6,Unrolled,1000206,11.330111503601074,1.4742296934127808,308.83453369140625,-244.34886169433594
6,Unrolled,1000264,8.742898941040039,1.2209409475326538,292.19085693359375,-258.78814697265625
6,Unrolled,1000292,10.043660163879395,1.3857511281967163,381.1395263671875,-249.8774871826172
6,Unrolled,1000314,8.775836944580078,1.2233010530471802,284.5713806152344,-264.4013977050781
6,Unrolled,1000323,9.107019424438477,1.2759993076324463,336.6940612792969,-259.408203125
6,Unrolled,1000344,10.830074310302734,1.4337921142578125,311.82232666015625,-245.7685089111328
6,Unrolled,1000432,7.78922176361084,1.083847165107727,288.2935485839844,-270.57891845703125
6,Unrolled,1000464,11.492448806762695,1.4013383388519287,400.0245361328125,-251.5827178955078
6,Unrolled,1000538,10.947208404541016,1.4039747714996338,344.7712097167969,-245.34017944335938
6,Unrolled,1000591,10.843174934387207,1.4193893671035767,340.578369140625,-249.43336486816406
6,Unrolled,1000697,5.883144378662109,0.8917155265808105,238.21705627441406,-282.8302307128906
6,Unrolled,1000735,8.684707641601562,1.0735766887664795,268.4324645996094,-262.0595397949219
6,Unrolled,1000759,7.236155033111572,1.0112712383270264,224.90902709960938,-268.83233642578125
6,Unrolled,1000769,7.7968854904174805,1.0524778366088867,236.53472900390625,-266.69873046875
6,Unrolled,1000891,7.192698001861572,1.0317120552062988,239.61473083496094,-267.576904296875
6,Unrolled,1000899,11.592803955078125,1.4731762409210205,266.4268798828125,-243.6420135498047
6,Unrolled,1001064,7.650770664215088,1.0036773681640625,274.1556701660156,-274.904541015625
6,Unrolled,1001090,11.325448989868164,1.3946104049682617,347.0594482421875,-245.61566162109375
6,Unrolled,1001096,7.034527778625488,1.0216912031173706,229.8150634765625,-275.32244873046875
6,Unrolled,1001104,7.0106096267700195,0.9378715753555298,228.98065185546875,-272.8782043457031
6,Unrolled,1001119,9.918327331542969,1.3742742538452148,244.3000946044922,-250.95123291015625
6,Unrolled,1001140,9.691876411437988,1.3405749797821045,240.69879150390625,-250.70742797851562
6,Unrolled,1001144,10.272638320922852,1.3821818828582764,316.5531005859375,-250.0865020751953
6,Unrolled,1001159,12.35786247253418,1.6277010440826416,467.55023193359375,-223.20223999023438
6,Unrolled,1001168,5.833111763000488,0.8432995080947876,228.94515991210938,-280.1543273925781
6,Unrolled,1001170,6.433208465576172,0.9406035542488098,210.55052185058594,-277.1248779296875
6,Unrolled,1001184,9.34182357788086,1.181111216545105,271.8900451660156,-264.8641662597656
6,Unrolled,1001275,11.495621681213379,1.5079888105392456,401.7371826171875,-233.100830078125
6,Unrolled,1001381,9.842973709106445,1.2245938777923584,401.0516662597656,-259.873779296875
6,Unrolled,1001651,11.923047065734863,1.4436670541763306,381.5708312988281,-239.07009887695312
6,Unrolled,1001655,11.266993522644043,1.414057731628418,333.8922119140625,-249.90126037597656
6,Unrolled,1001687,8.335663795471191,1.1787259578704834,268.42449951171875,-268.4404296875
6,Unrolled,1001759,6.8061652183532715,0.9740099906921387,218.02426147460938,-272.5982971191406
6,Unrolled,1001763,10.220537185668945,1.3075368404388428,331.8028869628906,-258.75384521484375
6,Unrolled,1001798,10.393080711364746,1.4263662099838257,407.92352294921875,-237.91574096679688
6,Unrolled,1001850,10.549670219421387,1.3731006383895874,288.1249084472656,-251.85830688476562
6,Unrolled,1001851,10.588566780090332,1.3951590061187744,335.2048034667969,-247.3421173095703
6,Unrolled,1001938,10.289697647094727,1.4168193340301514,305.524169921875,-252.33575439453125
6,Unrolled,1001959,10.41087818145752,1.4018691778182983,216.59652709960938,-250.2721405029297
6,Unrolled,1001995,8.18648910522461,1.1028047800064087,250.6859130859375,-268.5762939453125
6,Unrolled,1001997,10.366914749145508,1.4043792486190796,344.8807678222656,-243.65121459960938
6,Unrolled,1002007,8.720020294189453,1.2344063520431519,205.22738647460938,-260.727783203125
6,Unrolled,1002035,7.454951286315918,1.047808289527893,265.7393493652344,-272.4234313964844
6,Unrolled,1002274,11.43303394317627,1.4825646877288818,353.6514892578125,-246.2919921875
6,Unrolled,1002351,8.79727840423584,1.2360423803329468,253.4014434814453,-268.5581359863281
6,Unrolled,1002380,11.09774112701416,1.4614081382751465,318.4219665527344,-244.02423095703125
6,Unrolled,1002382,5.785615921020508,0.8408068418502808,219.0077362060547,-282.038330078125
6,Unrolled,1002412,11.019192695617676,1.4386333227157593,310.8760681152344,-239.62608337402344
6,Unrolled,1002417,12.978103637695312,1.5616544485092163,414.51788330078125,-239.10641479492188
6,Unrolled,1002451,11.552034378051758,1.5083057880401611,239.1581573486328,-241.23619079589844
6,Unrolled,1002515,12.170522689819336,1.5429152250289917,289.1088562011719,-234.2127685546875
6,Unrolled,1002526,9.480859756469727,1.2671806812286377,344.2890625,-259.586181640625
6,Unrolled,1002538,12.221990585327148,1.5408565998077393,273.68048095703125,-236.8701934814453
